id_intervencion,fk_id_equipo,fk_id_tipo_novedad,fecha,hora_parada,descripcion;;
"1,1,3,2013-11-18,,""Se le compran los soportes """"Pie de máquina"""" dañados durante el almacenamiento en bodega de CKD. 4 unidades.""";;
2,1,3,2013-11-19,,Se le instala el ducto de salida de aire caliente. Proveedor Laminas y Montajes JR. Tel. 232 87 21.;;
"3,1,5,2014-05-22,,""Se le actualiza el software al Sigma control con la versión más reciente, y se le instala la tarjeta SD de 4Gigas.""";;
"4,1,2,2014-06-03,,""Equipo presenta alarma muy baja secador frigorifico, el equipo aún no trabaja a plena carga";" se ajustan presiones de alta y baja en secador frigorifico y se deja temperatura punto de rocío en 3°C, se realiza prueba operativa, el equipo trabaja normal. HORAS OPERANDO: 251. Horas con carga: 75.""";
"5,1,2,2014-07-11,27 minutos,""Se apaga el equipo, la falla que muestra en el controlador es Avería de motor No. 30003. En los variadores del ASH y bomba de cabinas aparece la falla a la misma hora, según el código de esos equipos la falla se debió a bajo voltaje.""";;
6,1,3,2014-07-12,,Se instala tubería para descargar el agua del condensado al foso de aguas residuales industriales de la Planta Plastico.;;
7,1,2,2014-09-12,20 min,Se presenta falla en compresor. Avería 30003.;;
"8,1,2,2014-10-09,16 min,""Se presenta paro de producción (16 minutos) en planta de Plástico debido a una falla del Compresor """"Motor Compresor FC Avería 30003"""". El momento en que se detectó la falla fue cuando la planta de plásticos se apagó por baja presión de aire. Se solicita revisión técnica por parte de la empresa proveedora del equipo Kaeser.""";;
"9,1,1,2014-10-17,,""PT. No 71285334. Se realiza inspección del compresor, se lubrican rodamientos del motor principal y motor ventilador. Faltan 1118 horas para el mtto. Tipo A. El compresor queda operando normalmente. HORAS de operación 1882, H. con carga 1093. Diego Naranjo Technical Service.""";;
10,1,4,2014-10-24,,La falla 30003 está asociada por SIEMENS a: 1. Line supply failure. 2. Line supply voltage below the permissible value. 3. Line phase interrupted. Se recomienda chequear el voltaje o realizar un análisis del suministro eléctrico a través del tiempo. KAESER COMPRESORES DE COLOMBIA LTDA.;;
"11,1,2,2014-10-30,,""Falla 30003 falla del fluido eléctrico. Se alarma el variador de velocidad del equipo. Para restaurar fue necesario abrir la puerta delantera del compresor, resetear el variador, cerrar la puerta, bajar el breaker de 175A que alimenta el compresor, dejarlo abajo 15 segundos y luego restablecerlo. Para poner en marcha se debe apretar la flecha para poner en descarga, luego el botón de marcha y esperar un minuto antes de poner a cargar.""";;
"12,1,4,2015-01-19,,""Se realiza inspección del compresor, se verifica histórico de fallos y se encuentra falla de sobreintensidad del motor refrigeración aire/aceite. El problema se debe a posibles bajas de voltaje del fluido eléctrico.""";;
"13,1,1,2015-02-19,,""El equipo muestra mensajes para mantenimiento anual: Equipamiento eléctrico, lubricación de cojinetes motor ventilador, lubricación de cojinetes motor compresor, inspección de válvulas, cambio de filtro de aceite, inspección correa acoplamiento.""";;
"14,1,1,2015-02-26,,""Parte de trabajo No. 71401101. Se realiza mtto. Tipo A, se revisa acoplamiento del motor y la unidad compresora, se limpian enfriadores aire-aire y aire-aceite, se lubrican rodamientos del motor principal y motor ventilador, se revisan las válvulas de control y se realiza limpieza general. El compresor queda operando normalmente. HORAS: 3318.""";;
"15,1,2,2015-04-20,,""El compresor muestra """"avería"""" a la 7:24 am presión: 72 psi, 52°C. Se reinicia térmico del motor ventilador de refrigeración, el equipo arranca normal.""";;
"16,1,2,2015-04-23,10 min,""El compresor se encuentra apagado con la siguiente avería: """"0011 As 23.04.15 06:11 AM Ventil. Refrig. Aceite/aire sobreintensidad"""". Se reinicia guardamotor del ventilador de la refrigeración, el compresor arrancó normal.""";;
17,1,4,2015-05-04,,Se solicita la visita a Kaeser para que revisen el equipo.;;
"18,1,1,2015-05-04,,""Se realiza el chequeo al equipo ya que presenta falla 0011 motor ventilador aire-aceite, se revisa circuito motor, se ajustan todos los cables eléctricos a su bornera de conexión, se baja tapa bornera motor y se ajustan todos los bornes, se chequea consumo y se encuentra normal, se deja equipo en operación normal. HORAS: 3842. Informe de servicio No. 7829.""";;
"19,1,2,2015-05-07,,""El compresor muestra """"avería"""" 0011 sobreintensidad a la 5:27 am. Se reinicia térmico del motor ventilador de refrigeración aceite/aire, el equipo arranca normal.""";;
"20,1,2,2015-05-09,30 min,""El Sr. Alejandro Flórez reporta que el quemador del ASH de P.P. Plásticos no encendía. Al observar se nota que el encendido automático estaba suspendido debido a una caída de presión en el aire. Se revisa el compresor y estaba en descarga, se pone en carga y el encendido automático se restableció.""";;
21,1,5,2015-05-10,,Por sugerencia del técnico de KAESER Edisson García se sube la protección del guardamotor a 2.8 Amperios (motor del ventilador aire-aceite).;;
"22,1,4,2015-05-21,,""Se revisa el equipo y no ha vuelto a presentar la falla 0011 motor ventilador aire-aceite, se seguirá realizando el seguimiento al equipo.""";;
"23,1,1,2015-06-12,,""Parte de trabajo No. 71464964. Se realiza inspección del compresor, faltan 1767 horas para servicio tipo B. Horas operativas: 4233. Horas en carga: 2538.""";;
"24,1,2,2015-07-10,60 min,""Falla en el equipo, el térmico del ventilador del refrigerador estaba alarmado. Mientras se detectó la falla se presenta paro de producción en planta de 1 hora. El personal de Mtto. revisó las alarmas del PLC y no era por baja presión red de aire sino por fallas en el ASH.""";;
25,1,4,2015-08-11,,Horas operación: 4813. Horas Carga: 2887.;;
"26,1,2,2015-09-03,20 min,""Falla en el equipo, el térmico del ventilador del refrigerador estaba alarmado. Falla 0011 A s Ventilador refrigeración aceite/aire sobreintensidad.""";;
"27,1,4,2015-09-28,,""Se revisa el compresor y se encuentran eventos históricos de ventilador refrigerador aire sobreintensidad, motor compresor FC 7660 y secador frigorifico purga de condensado. Los dos primeros eventos asociados posiblemente a variaciones del suministro eléctrico. Corrientes motor ventilador: L1: 2.6 L2: 2.6 L3: 2.5 A. La falla del Eco-Drain se debe a la despresurización del sistema. OT 9508 28-09-2015.""";;
"28,1,1,2015-10-27,,""Parte de trabajo No. 71510724. Se realiza mtto tipo B, se cambian los dos ecodrain, se recomienda cambio de O-ring metálico ducto tanque separador a intercambiador. HORAS: 5427. Horas carga: 3270.""";;
29,1,5,2015-11-03,,Factura No. 1 de 4 para el mtto. de 2015. No. fact. 53061723 Valor $5.871.288 + IVA. Kaeser.;;
"30,1,1,2016-02-26,,""Parte de trabajo No. 71568191. Se realiza chequeo preventivo al equipo, se revisan voltajes, corrientes, temperatura y presión. Se revisa nivel de aceite OK. Se realiza limpieza general al equipo. Se revisan válvulas del equipo. Se deja equipo operando correctamente y en óptimas condiciones. HORAS OPERATIVAS: 6361. HORAS EN CARGA: 3821.""";;
31,1,1,2016-04-08,,Se lubrican los rodamientos del equipo.;;
32,1,4,2016-07-18,,Se revisa el equipo. No se puede parar por planta. Equipo funcionando bien. Horas operativas: 6985. Horas en carga: 4279.;;
33,1,1,2016-09-23,,Parte de trabajo No. 71696687. Se realiza mtto tipo B y equipo queda operativo. Se realiza limpieza de equipo. HORAS: 7465. Horas carga: 1063.;;
34,1,5,2016-09-23,,Primera factura de contrato de servicio para año 2016-2017.;;
35,1,1,2016-12-02,,Parte de trabajo No. 71737037. Equipo opera correctamente. Se realiza limpieza y equipo queda operativo.;;
"36,1,2,2017-01-21,,""El compresor presentó fallo en su funcionamiento. Al revisar no se encontró problema visible, el guardamotor del frigorífico NO se disparó por sobre corriente y al reiniciar el equipo del totalizador principal el problema persiste. Ver fallas en ruta de archivo.""";;
"37,1,2,2017-01-22,,""El compresor de Planta Plásticos está presentando una falla por alta presión en el secador frigorífico y no permite el arranque. Se hace la inspección como lo indica el manual (verificar condensador refrigerativo, motor del ventilador y fugas de refrigerante), aparentemente todo está bien. Para dar reset a la falla se requiere de acceso nivel 2 con tarjeta RFID";" la tarjeta del equipo al parecer está mala.""";
"38,1,2,2017-01-23,,""Se contactó telefónicamente al personal de Servicio técnico de Kaeser, Juan Rúa, y con las indicaciones suministradas se restableció el equipo. El equipo queda en observación. La tarjeta RFID de repuesto está en la hoja de vida física del equipo.""";;
39,1,5,2017-01-23,,Se genera nueva clave de acceso para el equipo sin tarjeta RFID. Código del Usuario compresor: E00070674. Clave para ingreso manual nivel 2: dpTq4GpmP.;;
"40,1,4,2017-01-23,,""Se realizó revisión del compresor a las 2:00 pm y se encontró en descarga, se pone en carga y arrancó normalmente.""";;
41,1,1,2017-03-07,,Se realiza inspección general del equipo y limpieza. Se lubrican rodamientos del motor compresor y del motor ventilador. Se revisa y limpia el intercambiador de calor. El equipo queda operando en condiciones normales. Horas en marcha: 8398. Horas en carga: 5385.;;
42,1,1,2017-03-08,,Parte de Trabajo: 71853057. Se realiza inspección general del equipo y limpieza. Se lubrican rodamientos del motor compresor y del motor ventilador. Se revisa y limpia el intercambiador de calor. El equipo queda operando en condiciones normales. Horas en marcha: 8938. Horas en carga: 5830.;;
"43,1,2,2017-06-30,15 min,""Mensaje 1.1.2.1. Código 0011 A. Ventil. Refrig. Aceite/aire sobreintensidad. El equipo registró falla de sobreintensidad en el ventilador de refrigeración de aceite/aire. Fecha de la falla: 15/jun/2017. Horas de registro: 05:55:29AM, 06:06:23AM, 06:06:37AM.""";;
"44,1,4,2017-07-28,,""Se revisa en el manual de Servicio, Sigma Control 2, la descripción para la falla 0040 A """"Contactor de Red Des?"""": El contactor principal no abre. Solución: Revise el contactor principal y sus conexiones.""";;
"45,1,2,2017-08-25,16 min,""Se presenta paro de producción (16 minutos) en planta Plásticos por baja presión de aire debido a falla del Compresor """"Contactor principal des?"""". Se revisa y se encuentra que el voltaje de alimentación estaba demasiado bajo (430-433 VAC). Se desactiva la fuente de voltaje desde la subestación, se enciende el equipo y queda trabajando correctamente.""";;
"46,1,5,2017-08-28,,""En los compresores Kaeser (Planta Metal – Planta Plásticos) se está presentando falla por baja tensión de alimentación. Para dar reset: se abre el bloque de fusibles al interior del compresor, se presiona manualmente el contactor principal por 5 segundos, se conecta de nuevo el bloque de fusibles y la falla desaparece.""";;
"47,1,1,2017-08-28,,""Se atiende recomendación según manual de servicio: se desarma contactor principal, se realiza limpieza general del contactor y de cada punto de contacto incluyendo la bobina. Se observa que algunos puntos se encontraban flojos. También se limpian contactos del portafusible y se revisan fusibles. El equipo funcionó correctamente sin fallas.""";;
"48,1,1,2018-02-14,,""Se reemplaza elemento filtrante, el equipo queda trabajando correctamente. Técnicos KAESER: Alexander Granada, Carlos Ramírez. 1 filtro para aerosoles extrafinos KOR-375.""";;
"49,1,1,,,""El equipo fue intervenido hoy por el personal de servicio tecnioc de kaeser, se realizaron mantenimientos preventivos del equipo según Horas. Queda pendiente incluir por parte de Hernan el informe de los cambios realizados. El personal de KAESER encontro una anomalia en una de las valvulas de alta presion, es necesario cambiar este elemento se realizara cambio en el transcurso de esta semana. EL EQUIPO QUEDA FUERA DE SERVICIO. Informe guardado en: R:\Gerencia de Produccion\Ingeneiria y Mantenimiento\Mantenimiento Productivo\Hoja de vida equipos\PINTURA PLASTICOS\PPPL - Compresor, Filtro, Tanque pulmon\Informacion tecnicaNombre del archivo: Informe Mtto KAESER Pintura plasticos Junio-2018""";;
"50,1,2,,,""Durante una rutina de verificación del equipo se observa fuga de aire comprimido en el radiador enfriador de aire, se resalta la ubicación con marcador color negro.";;
"Se desconocen la causas que generan este tipo de fallo en los radiadores enfriadores de aire, pues el equipo que suministra aire para las Planta de Ensamble – Metal también presento este mismo problema.""";;
51,1,2,,,Se envia orden de compra No. OC-776  a Kaeser para valvula de seguridad del compresor. La actual tiene fuga. Tiempo de entrega a acordar. ;;
"52,1,2,,2 horas,""Parte de trabajao No. 72087950.  Se reemplaza valvula de seguridad. Se inspecciona que no queden fugas. No se encuentran anomalias. Equipo operativo. Prueba de operación 30 minutos. Se limpia aceite. Se reseteo alarma de equipamiento eléctrico, quedo pendiente del mtto aneterior. HORAS:11063""";;
"53,1,2,2018-03-07,,""5.	En el compresor Kaeser  Planta Plásticos se presentó la siguiente falla, creemos que es por baja tensión de alimentación. Para dar reset a la falla se está haciendo lo siguiente:";;
o Se abre el boque de fusibles que se encuentra al interior del compresor, de este modo el equipo queda sin voltaje.;;
o Se presiona manualmente el contactor principal por 5 segundos.;;
"o Se conecta de nuevo el bloque de fusibles y la falla por avería desaparece, el equipo trabaja normalmente.""";;
"54,1,2,,3 horas,""Personal de Kaeser Compresores cambia en garantía el radiador de aire comprimido. HORAS: 11221. Se guarda el reporte escaneado en la ruta: R:\Gerencia de Produccion\Ingeneiria y Mantenimiento\Mantenimiento Productivo\Hoja de vida equipos\PINTURA PLASTICOS\PPPL - Compresor, Filtro, Tanque pulmon\Informacion tecnica\Reportes fallo:02 Orden de trabajo 17-07-2018 cambio radiador""";;
55,1,5,,15 minutos,se presenta caida de voltaje en la red de energia causando paro de produccion en P.P.Plastico por caida de presion causada por disparo del compresor KAESER.;;
"56,1,1,2018-04-10,,""Parte de trabajo No. 72146528. Parametros normales. Se realiza revisión general del equipo, limpieza general. El equipo opera sin novedad. HORAS: 11722. Horas con carga:8045.""";;
"57,1,1,2018-03-11,,""9.	Se realiza mantenimiento al variador de velocidad del compresor (desarme y limpieza interna, verificación de histórico de fallos, verificación de tarjetas electrónicas, condensadores, estado de conexiones). adicionalmente el técnico de Kaeser realiza inspección general del equipo.";;
se ensaya el equipo y queda funcionando correctamente.;;
"Pendiente el envío de informes Kaeser - Simenes.""";;
58,1,1,2019-08-04,,Se cambian las esterillas de filtrado de los sistemas de ventilación y del radiador.;;
"59,1,1,,,""11.	Revision y mantenimiento preventivo según HRS:";;
Se realiza cambio de los siguientes elementos segun talon de entrega N° 8006202897:;;
Elementos  filtrantes , cambio de filtros, cartuchos de filtro de aire, cartucho separador de aire, cambio de lubricante sintetico S460, kit de mantenimiento valvula ret/pes.min, kit de mantenimiento valvula de admision, kit de mantenimiento valv. combinada, kit de mantenimiento Vál.aux.com.desp,kit de mantenimiento valv By pass, kit de servicio ECO-DR.31 vario, pendiente complementar este reporte y especificar en la hoja de vida  mas datos según parte de trabajo N° ?  actualmente no disponible.;;
Equipo queda trabajando normalmente.;;
Hrs de marcha 13555;" Hrs en carga 9507 prox. mantenimiento en 1348Hrs.""";
60,1,1,,,Reporte de servicio ejecutado por Kaeser el 27/07/2019. ;;
"61,1,2,,,""""""Se realiza mantenimiento al equipo y se le cambian los siguientes elementos:";;
1 cartucho de filtros DE AIRE 420x95;;
cambio de aceite 2 garrafas 5 gls lubricante sintetico S460;;
Esterilla filtrante 216x216x10 (5 unid);;
1 Fieltro del filtro diam 420;;
1 kit cartucho separador de aceite diam220X380mm;;
"lubricacion cojinetes unirex N3""""""";;
"62,1,2,2020-05-11,,""""""Personal del turno de la noche reporta ruido extraño en el motor principal, se revisa el equipo y se encuentra que el acople omega esta reventado, adicionalmente una de las partes de acero del acople se desprendio y golpeo la puerta generandole deformacion";;
Se solicita gestionar la compra de un acople nuevo.;;
El equipo queda fuera de servicio, el by pass del mezzanine queda abierto.;;
"Se activa el paro de emergencia y se deja aviso visible de no operar.""""""";;
"63,1,2,2020-05-11,,""""""Se habilita de nuevo el compresor y se cierra el By Pass ubicado en el mezzanine. Para la reparación temporal se utilizó una mitad de acople que había sobrado del compresor Kaeser de Plantas Metal-Ensamble. Se verifica funcionamiento y el equipo queda funcionando correctamente, sin vibraciones, sin ruidos extraños.";;
;;
"De Igual forma quedamos a la espera de la compra e instalación de un acople completo y nuevo.""""""";;
"64,1,5,2020-02-12,,""Se realiza la instalación de acople nuevo entre motor y unidad compresora, el equipo queda funcionando correctamente.""";;
"65,1,1,,,""Se observa que una de las rejillas de ventilacion lado derecho de la puerta de control electrico del compresor se observa reventada, se desconoce la causa.""";;
"66,1,2,2021-12-05,,""""""Visita del personal  de Kaeser. Convenio de mtto año 2021. visita 1 de 4. Reporte guardado en información técnica. ";;
"R:\Gerencia de Produccion\Ingeneiria y Mantenimiento\Mantenimiento Productivo\Hoja de vida equipos\PINTURA PLASTICOS\PPPL - Compresor, Filtro, Tanque pulmon\Informacion tecnica\Reportes""""""";;
67,1,1,,,Reporta Luis Carlos mucha agua en la caneca del drenaje del filtro a la salida y fugas de agua por algunas roscas de los elementos de conexionado de la red neumática. Se evidencia derrame de agua en el cuarto. Se verifica el histórico de alarmas del equipo y se leen pagados por contra presión y unos ciclos de drenaje de condensado muy seguidos en la madrugada. Se procede a destapar el equipo para verificar niveles de aceite y conexionado interno. Se verifica el Eco drain del compresor y está en buen estado. Se revisa el Eco drain del secador y este se encuentra con la valvula cerrada por lo que se procede a abrirla y a realizar prueba de manual (test) el equipo drena bien. Se verifican las conexiones y ya no se evidencia agua. Se ensaya el equipo y se deja operando en condiciones normales.;;
"68,1,1,2021-04-11,,""""""Se realiza mantenimiento al variador de velocidad del compresor (desarme y limpieza interna, verificación de tarjetas electrónicas, condensadores, estado de conexiones).";;
"Se ensaya el equipo y queda funcionando correctamente.""""""";;
"69,1,1,2022-10-08,,""""""Visita del personal  de Kaeser. Convenio de mtto año 2022. Reporte guardado en información técnica. ";;
"R:\Gerencia de Produccion\Ingeneiria y Mantenimiento\Mantenimiento Productivo\Hoja de vida equipos\PINTURA PLASTICOS\PPPL - Compresor, Filtro, Tanque pulmon\Informacion tecnica\Reportes""""""";;
"70,1,2,2023-06-02,,""""""Visita del personal  de Kaeser. Convenio de mtto año 2022. Reporte guardado en información técnica. ";;
R:\Gerencia de Produccion\Ingeneiria y Mantenimiento\Mantenimiento Productivo\Hoja de vida equipos\PINTURA PLASTICOS\PPPL - Compresor, Filtro, Tanque pulmon\Informacion tecnica\Reportes;;
20230206_INDUSTRIA COLOMBIANA DE_73233557_CS11;;
;;
se realiza revisión de equipo, se hace inspección sistema de transmisión motor-compresor acople omega en buen estado, se verifica nivel de aceite en verde, se revisa filtro de aire,  se ajustan terminales eléctricas y se toman mediciones de consumo, se revisan válvula térmica, válvulas auxiliar en buen estado, se revisan tuberías para descartar humedad, equipo presentaba alarma por temperatura en secador, unidad de secado operando con normalidad, horometro  para mantenimiento de 1469H por lubricacion.  presión de vacío de 19,se hace limpieza general con aire a baja presión,  equipo queda operativo.;;
se realiza revisión de filtro, elemento filtrante y drenaje en buen estado, etiqueta para cambio de 05/23;;
"se realiza revisión de elementos y accesorios en buen estado, se realiza drenajes para descartar humedad.""""""";;
"71,1,1,,,""El día de hoy después de 4 fallos en el fluido eléctrico se bloquea el compresor, mostrando fallo de averia P0021 """" Secador Frigorífico con temperatura demasiado baja"""", la cual no es posible resetear de la manera convencional con la que se resetean varias de las averías que se presentan, por tanto se busca información y se encuentra que es necesario ingresar al perfil de acceso total a la configuración del equipo, en nuestro caso el perfil de usuario Nivel 2, luego desplegarse en el menú configuración, pulsar enter, después buscar el sub menú #9 Secador frigorífico, pulsar enter, bajar hasta encontrar la opción reset de averías, pulsar enter hasta que parpadee un cuadro que hay al lado del texto, luego con el cursor hacia arriba mover hasta que dentro del cuadro aparezca una X y por último pulsar enter para que desaparezca la avería. Despues de esto se regresa con la tecla Esc. hasta llegar a la pantalla principal y luego iniciar la operación del equipo como se realiza habitualmente. El equipo queda operando sin problema.""";;
"72,1,2,,,""""""Reporte de Mantenimiento Preventivo (Contrato de mantenimiento)";;
SE CAMBIA  FITRO DE ACEITE, SE CAMBIA FILTRO DE AIRE, SE REVISAN CONEXIONES ELECTRICAS DE TODO EL EQUIPO, SE CAMBIA ACEITE S-460, SE LIMPIA INTERCAMBIADOR DE AIRE Y ACEITE Y SE REVISAN FUGAS, SE REVISA GABINETE ELECTRICO Y SE LIMPIA, SE REVISA VALVULA AUX COMBINADA SIN NIGUNA NOVEDAD;;
SE REVISA Y LIMPIA MOTOR VENTILADOR Y ASPAS, SE LIMPIA CARCAZAS Y TAPAS;;
SE CAMBIA SEPARADOR DE ACEITE, SE CAMBIAN  ESTERILLAS, SE CAMBIA ECO DRAIN, SE VERIFICA TRANSMISION POR  ACOPLES SE ENCUETRAN EN BUENAS CONDICIONES, SE COORRIGE FUGA  EN LA SALIDA DEL INTERCAMBIADOR.;;
Filtro para aerosoles extrafinos KOR-375 (Equipo: 4740270): SE LIMPIA CARCAZA, SE VERIFICA CONDICION DEL FILTRO Y SE CAMBIA, SE REVISAN FUNGAS EN LINEA DEL FILTRO, SE REVISA FECHA DE CAMBIO.;;
Depós.aire compr.  2000/11 ve. galv  PED (Equipo: 4663215): SE LIMPIA TANQUE, SE REVISAN FUGAS Y CORROSIONES, SE REVISAN MANOMETROS Y VALVULAS DE SEGURIDAD.;;
"Horas de servicio actuales: 22.559 h""""""";;
"73,1,2,,10 minutos,""En la mañana al compresor de P.P.Plasticos se le dañaron las dos roscas que unen las bridas del tubo con el radiador soltando el tubo y torciendolo.  El proveedor cotiza el repuesto pero al parecer no hay existencias disponibles entonces se decide  reparar roscas con  helicoil, se endereza tubo torcido en prensa hidraulica y se instala nuevamente a la tornilleria de las bridas tambien a cada esparrago se le aplica traba quimica suministrada por personal de Kaeser, se deja funcionando compresor y habilitado para producion, tambien se le deja nota al personal de la noche para que le haga seguimiento y en la madrugada enciendan nuevamente los compresores de metal/ensamble y para que cierren nuevamente el By Pass.""";;
"74,1,1,2023-12-08,,""""""Revisar compresor de tornillo";;
Horas operativas: 23181, Horas en carga: 16950;;
Se realiza mantenimiento y limpieza, Se revisa kit cartucho filtro aire, Se revisa sistema de transmisión de motor-unidad compresora, Se evidencia fuga de aceite por tornillo macho unidad compresora, Se escucha sonido en el motor principal posible falla en los rodamientos se recomienda visita para inspeccionar o cambiar rodamientos, Se revisa intercambiador, ventilador (aspas, cubierta), Se revisa válvula auxiliar combinada, Se lubrican rodamientos motor, Se revisa drenaje condensados de separador centrífugo/tanque/intercambiador, Se revisa nivel de aceite, descartar fugas y presión residual;;
"Se revisa consumo eléctrico, Se realiza prueba operativa.""""""";;
"75,1,5,2023-01-09,,""""""Se cambian los dos rodamientos del compresor Kaezer de planta de pintura de Plástico.";;
SE REVISA FITRO DE ACEITE, SE REVISA FILTRO DE AIRE,;;
SE REVISAN CONEXIONES ELECTRICAS DE TODO EL EQUIPO,;;
SE LIMPIA INTERCAMBIADOR DE AIRE Y ACEITE Y SE REVISAN FUGAS;;
SE REVISA GABINETE ELECTRICO Y SE LIMPIA;;
SE REVISA VALVULA AUX COMBINADA SIN NIGUNA NOVEDAD;;
SE REVISA Y LIMPIA MOTOR VENTILADOR Y ASPAS ;;
SE LIMPIA CARCAZAS Y TAPAS;;
SE REVISA SISTEMA DE TRASMISION POR ACOPLES  ;;
SE REVISA DRENAJE DE CONDESACION;;
SE VERIFICA NIVELES DE ACEITE SE ENCUENTRA  EN ESTADARES BUENOS;;
SE REVISA VALVULA DE ADMISION SIN NINGUNA NOVEDAD;;
SE REVISA  VALAVULA  CHEKEN  SIN NINGUNA NOVEDAD   ;;
SE CAMBIA RODAMIENTOS DE UNIDAD  PRINCIPAL;;
Informe guardado en:R:\Gerencia de Produccion\Ingeneiria y Mantenimiento\Mantenimiento Productivo\Hoja de vida equipos\PINTURA PLASTICOS\PPPL - Compresor, Filtro, Tanque pulmon\Informacion tecnica\Reportes;;
"Nombre Archivo: 13 Reporte MTTO KAESER 20230901_CS11""""""";;
"76,1,1,,,""Se Verificar el estado de los Acoplamientos elastoméricos Kaeser se observan en buen estado no se observa elastómero cuarteado, rajaduras, desprendimiento entre elastómero y alma de acero. Se adjunta registro fotografico del estado y tambien datos de proximo cambio y horometro:""";;
"77,1,1,2023-02-12,,""""""Reporte de Mantenimiento Preventivo (Contrato de mantenimiento)";;
se revisa filtro de aire;;
se revisan conexiones eléctricas de todo el equipo;;
se limpia intercambiador de aire y aceite y se revisan fugas;;
se revisa gabinete eléctrico y se limpia;;
se revisa válvula aux combinada sin ninguna novedad;;
se revisa y limpia motor ventilador y aspas;;
se limpia carcazas y tapas;;
se revisa sistema de trasmisión por correa se encuentra bien y se tensiona;;
se revisa drenaje de condensación;;
se verifica niveles de aceite se encuentra bien;;
se revisa válvula de admisión sin ninguna novedad;;
se revisa  valvular  cheken  sin ninguna ;;
se revisa filtro de  aceite;;
se revisa linea de barrido;;
"Horas de servicio actuales: 23.959 h""""""";;
"78,1,1,2024-10-02,,""""""Reporte de Mantenimiento Preventivo (Contrato de mantenimiento)";;
;;
Se realiza limpieza general al equipo, se limpia radiador de aire y aceite con aire comprimido a baja presión; se realiza inspección según lista de chequeo, se cambia filtro de aire, esterillas (Cant. 5) en buen estado - Se limpian, filtro de aceite en buenas condiciones y sin fugas, nivel de aceite adecuado según mirilla del tanque separador (Indicador en franja verde), se limpia filtro de malla de la tobera colectora de residuos de la línea de barrido, se descartan fugas de aire o aceite, se calibra presión de vacío (19,7 psi), se verifica saturación del cartucho separador (2 psi, OK), se verifica el buen estado del acople de transmisión sin novedad, se desarman las válvulas auxiliar combinada y térmica para limpiar sus componentes internamente y verificar su buen estado sin novedad, se verifica el correcto funcionamiento del paro de emergencia y display del controlador, se descarta paso de condensado a la red, eco-drain trabajando correctamente, temperatura del punto de rocío dentro de los rangos normales de operación (2°C), se limpian componentes del gabinete eléctrico y se verifica que no hayan cables sueltos o desajustados, amperaje y voltaje del equipo dentro de los parámetros establecidos por placa, se realiza prueba operativa carga-vacío y equipo opera correctamente.;
Equipo con tarjeta SD no Kaeser.;;
Se actualiza software del controlador de la versión Fluid_1.4.2 a la versión más reciente Fluid_6.4.1.;;
"Se recomienda realizar visita técnica con personal de redes y aplicaciones para verificar el consumo de aire comprimido de la planta y el trabajo de los compresores, ya que aunque tienen variador de velocidad según horómetros de operación los equipos ciclan más de lo recomendado y esto a futuro puede generar fallas en los equipos.""""""";;
"79,1,1,,,""""""Reporte de Mantenimiento Preventivo (Contrato de mantenimiento)";;
;;
Se realiza limpieza general al equipo, se limpia radiador de aire, radiador de aceite y condensador con aire comprimido a baja presión; se realiza inspección según lista de chequeo, se cambia filtro de aire y esterillas (Cant. 5) en buen estado, se cambia filtro de aceite quedando  en buenas condiciones y sin fugas, se cambia aceite S-460 y se deja nivel adecuado según mirilla del tanque separador (Indicador en franja verde), se limpia filtro de malla de la tobera colectora de residuos de la línea de barrido, se descartan fugas de aire o aceite, se calibra presión de vacío (19,7 psi), se verifica saturación del cartucho separador (2 psi, OK), se verifica el buen estado del acople de transmisión sin novedad, se desarman las válvulas auxiliar combinada y térmica para limpiar sus componentes internamente y verificar su buen estado sin novedad, se verifica el correcto funcionamiento del paro de emergencia y display del controlador, se descarta paso de condensado a la red, eco-drain trabajando correctamente, temperatura del punto de rocío dentro de los rangos normales de operación (2°C), se limpian componentes del gabinete eléctrico y se verifica que no hayan cables sueltos o desajustados, amperaje y voltaje del equipo dentro de los parámetros establecidos por placa, se resetean horómetros de mantenimineto, se realiza prueba operativa carga-vacío y equipo opera correctamente.;
Se re lubrican rodamientos del motor principal y motor ventilador según placa, Ok.;;
Equipo con tarjeta SD no Kaeser.;;
;;
"Horas de servicio actuales: 25165 h""""""";;
"80,1,1,2024-07-09,,""""""Se realiza limpieza general al equipo, se limpia radiador de aire, radiador de aceite y condensador con aire comprimido a baja presión. Se realiza inspección según lista de chequeo, filtro de aire y esterillas (Cant. 5) en buen estado - Se limpian, filtro de aceite en buenas condiciones y sin fugas, nivel de aceite S-460 adecuado según mirilla del tanque separador (Indicador en franja verde, ok), se desmonta línea de barrido para descartar obstrucciones y limpiar filtro de malla del colector sin novedad, se descartan fugas de aire o aceite, se calibra presión de vacío (19,3psi), se verifica saturación del cartucho separador (4 psi, OK), se verifica el buen estado del acople de transmisión sin novedad, se desarman las válvulas auxiliar combinada y térmica para limpiar sus componentes internamente y verificar su buen estado sin novedad, se verifica el correcto funcionamiento del paro de emergencia y display del controlador, se descarta paso de condensado a la red, eco-drain trabajando correctamente, temperatura del punto de rocío dentro de los rangos normales de operación (4°C), se limpian componentes del gabinete eléctrico y se verifica que no hayan cables sueltos o desajustados, amperaje y voltaje del equipo dentro de los parámetros establecidos por placa, se resetean horómetros de mantenimiento, se realiza prueba operativa carga-vacío y equipo opera correctamente. Equipo con tarjeta SD no Kaeser (Novedad reportada anteriormente). ";;
Horómetros de mantenimiento: Filtro de aceite 6.000 h / 5.195 h. Separador de aceite 6.000 h / 2.580 h. Cambio de aceite 6.000 h / 5.195 h. Filtro de aire 3.000 h / 2.195 h. Inspección válvulas 16.000 h / 3.585 h. Inspección acoplamiento 3.000 h / 3.000 h. Motor Compresor - Lubricación 2.000 h / 1.195 h. Motor Compresor - Cambio de rodamientos 36.000 h / 10.030 h. Motor ventilador - Lubricación 6.000 h / 5.195 h. Motor Ventilador - Cambio de rodamientos 36.000 h / 10.030 h. Equipamientos eléctrico 9.000 h / 3.986 h.;;
"Informe Guardado en: R:\Gerencia de Produccion\Ingeneiria y Mantenimiento\Mantenimiento Productivo\Hoja de vida equipos\PINTURA PLASTICOS\PPPL - Compresor, Filtro, Tanque pulmon\Informacion tecnica\Reportes KAESER""""""";;
"81,1,2,,,""""""Por parte del proveedor VFA Ingenieria Integrada S.A.S Se desmontan  variador Compresor KAESER, se desarman y se les realiza mantenimiento tecnico general, se instala nuevamente en sitio y se observa que quedan funcionando correctamente, proveedor VFA Ingenieria Integrada S.A.S.";;
Informes guardados en: R:\Gerencia de Produccion\Ingeneiria y Mantenimiento\Mantenimiento Productivo\Hoja de vida equipos\PINTURA PLASTICOS\PPPL - Compresor, Filtro, Tanque pulmon\Informacion tecnica\Reportes;;
"Nombres Archivos: 20 MTTO_variador_compresor_1""""""";;
"82,1,2,,,""""""El compresor KAESER de P.P.PLastico a venido presentando fallas constantes que hacen que el equipo se apague por lo que se solicita coordinar visita tecnica lo mas pronto posible";;
"Los compañeros del G2 me informan que ayer  en la tarde presento la falla """"""""0042 Contra presion Stop"""""""" inclusive cuando esta apagado el compresor # 3 (ver registro fotografico)""""""";;
"83,1,2,2024-08-11,,""""""";;
El equipo con serial 1035 estaba arrojando falla por contra presión stop se revisa y se encuentra que la válvula chec esta quedando abierta lo cual esta generando una falla en el equipo se procede a desarma válvula y se encuentra demasiado pegada y a la hora de desarmar se raya la parte externa de la válvula se recomienda cambio de Kit de reparación ya que se ve válvula con desgaste en la piezas mecánicas y rosca un poco dañada P.N:202127.20021.;;
;;
"Kit de reparacion valvula check en proceso de compras.""""""";;
"84,1,2,2024-12-12,,""""""CAMBIO DE VALVULA DE RETENCION";;
se realiza servicio a equipo SFC 55 T  125psi , se cambia kit de revision valvula de retencion y se realiza lubricacion de rodamientos se deja equipo operativo sin novedades se realizan pruebas operativas por mas de una hora equipo operando sin novedades.;;
Horas de servicio actuales: 26.860 h;;
Reporte guardado en: R:\Gerencia de Produccion\Ingeneiria y Mantenimiento\Mantenimiento Productivo\Hoja de vida equipos\ZONA TECNICA\9 Compresores-secadores\Compresores\Información Tecnica\Reportes MTTO KAESER Metal_Ensamble;;
"""
85,1,5,,,""Se cambiaron módulos aisladores del variador compresor KAESER P.P.Plasticos, se instala nuevamente variador y se deja trabajando compresor en producción para verificar correcto funcionamiento, no se observan novedades hasta final del turno, por solicitud de Esteban se dejan disponibles en el gabinete de repuestos debidamente marcados, algunos modulos que estaban en buen estado";;
"el equipo trabaja correctamente.""""""";;
"86,1,5,,9 minutos,""""""Sea cae aire en cabinas, baja presion de aire, se revisa el equipo y se encontro apagado, se enciede y opera correctamente. El equipo no se activo en la ronda de encendido. ";;
"Se retroalimenta al equipo de trabajo en cuanto a esta novedad.""""""";;
87,1,1,,,;;
88,1,1,,,Se encuentra la alarma en el compresor Kaezer 0048 (Lubricación rodamientos motor). Se engrazó en horarios de la tarde 10 bombazos por punto.;;
"89,1,2,,,""""""Se realiza rutina de inspeccion a equipo SFC 55 T  125psi, equipo operativo se realiza inspecciona  filtro de aire elemento proximoi a vencer 719 horas faltantes. se inspecciona acople omega en buen estado. se inspeccciona valvula de control y venteo en buen estado y operativa. se revisa nivel de aceite en nivel indicado. se realiza lubricacion de rodamientos a ambos motores. se realiza inspeccion y limpieza a unidad frigorifica no se evidencian daños unidad operativa sin novedades. se realiza limpieza y ajuste a gabinete electrico se deja operativo sin novedades. se realiza pruebas operativas equipo en buen estado y operativo. se realiza limpieza a equipo en general dejandolo operativo.";;
Horas de Servicio: 27.446 h;;
"Informe guardado en: R:\Gerencia de Produccion\Ingeneiria y Mantenimiento\Mantenimiento Productivo\Hoja de vida equipos\ZONA TECNICA\9 Compresores-secadores\Compresores\Información Tecnica\Reportes MTTO KAESER Metal_Ensamble""""""";;
90,1,4,2025-07-06,,Se corrije fuga de aire en la tuberia redonda de la parte de atrás del compresor (externa);;
"91,1,1,2025-10-06,,""Se instala DPS en el gabinete electrico, el equipo queda funcionando correctamente.""";;
"92,1,3,,,""""""Se realiza rutina de inspeccion a equipo SFC 55 T 125psi, Equipo en operación para revisión, no averias no advertncias, se revisa válvula de venteo en buen estado, se valida estado de acople de transmisión bueno, sevalida filtro de aire bueno, nivel de aceite optimo sin fugas, equipo en operaciópn validar ultima vez que se cambian las válvulas de control.";;
Horas de Servicio: 29362 h;;
"Informe guardado en: R:\Gerencia de Produccion\Ingeneiria y Mantenimiento\Mantenimiento Productivo\Hoja de vida equipos\PINTURA PLASTICOS\PPPL - Compresor, Filtro, Tanque pulmon\Informacion tecnica\Reportes KAESER""""""";;
"93,1,3,2025-01-12,,""Tecnico especialista del proveedor Kaeser realizo la instalación de los módulos de comunicación en los compresores KAESER, hoy en las horas de la mañana el proveedor Tech Controller verifico o corroboro la extracción de los registros sin inconvenientes.";;
Pendiente el envío por parte del proveedor Tech controller la cotización programar y llevar los registros a la plataforma UBIDOTS los registros que hacen falta (tiempo total de operación y tiempo en carga) ;;
Por parte de XXXXXX XXXXXXa se debe hacer:;;
"•	La instalación de tubería EMT3/4” desde cada compresor hasta el tablero Gateway que hay en cada cuarto. ";;
"•	Canalizar por la tubería instalada cable RJ45 con sus conectores.";;
;;
"En la hoja de vida del equipo se guarda el archivo “Process Map Sigma Control 2” donde se referencia la lista de registros del módulo Modbus TCP COMPRESORES KAESER que se pueden extraer.""";;
"94,1,2,2026-09-01,,""en el compresor KAESER de P.P. PLasticos , el acople entre el motor y la unidad compresora se observa fisurado";" les solicitamos programar cambio. (adjunto registro fotográfico), Tambien se observa alarmas de mantenimiento en ambos equipos. Se le informa A Fredy Jaramilo para gestionar repuesto y programar cambio""";
"95,1,2,,,""Tuvimos la siguiente alarma en el compresor Kaeser con numero de equipo 4702414, en la revision del equipo los tecnicos encontraron que el contactor se quedo enganchado despues de desenergizar el equipo por completo.";;
;;
"Se procede a reemplazar el contacor pero observamos que los contactos se observan bien, desconocemos la causa raiz de esta novedad, por favor programar a uno de los tecnicos para que haga revision del equipo. Gracias.""";;
"96,2,3,2013-01-24,,""Se compra manguera en Inox para la conexión a la red de aire. Proveedor: Mangueras Industriales, Tel. 262 2218. """;;
"97,2,3,2013-01-31,,""el variador del compresor Kaeser tenia limadura de acero por la parte de encima, es posible que al momento de realizarse las perforaciones para la instalación de la acometida no se tuvo en cuenta tapar los elementos internos del compresor (sistema eléctrico de control y potencia).";;
se limpio lo que mas se pudo pero existe la posibilidad de que se haya ido limadura al interior del variador.;;
"es conveniente hacer revisar internamente el variador y así evitar daños graves en el equipo.""";;
"98,2,2,2013-02-05,,""Se realiza el chequeo y arranque del equipo, ya que presenta alarma de parada de emergencia y secador refrigerativo, se organizan parámetros en controlador, setpoint de presión, se verifica voltaje de trabajo y consumo de aire y el equipo opera con normalidad. Se entrega a satisfacción. NOTA: mejorar la refrigeración del cuarto. OT No. 3399 Horas operación: 2 Horas con carga : 1""";;
99,2,2,2013-02-07,,En las horas de la madrugada del dia 7 de Febrero se presento el siguiente anuncio de averia en el compresor KAESER. por favor verificar en el catalogo información sobre este anuncio. Ver Imagen.;;
"100,2,2,2013-02-08,,""OT No. 4060. Se revisa equip, se encuentra avisop de SFT Secador frigorifico baja temperatura, se ajusta presion del gas de la válvula bypass la temperatura en el secador pasa de -1°C a 3°C. el aviso no se vuelve a reproducir. Se realiza seguimiento y el compresor queda trabajando bajo condiciones normales. HORAS: 53""";;
"101,2,1,2013-04-10,,""Parte de trabajo No. 71062614. Se realiza inspección del compresor se limpian enfriadores de aire y aceite y cartuchos filtrantes del gabinete eléctrico, se descartan fugas en circuitos neumáticos y de aceite, se verifica funcionamiento de los drenadores automáticos de condensado y se limpia condensador refrigerativo del secador. El compresor queda operando normalmente. """;;
"102,2,3,2013-05-28,,""se instala ducto en lamina galvanizada en descarga de aire caliente del compresor, con rejilla tipo persiana al final del ducto sobre el muro exterior.""";;
"103,2,2,2013-06-05,,""PT. 71124827. Inspección periodica convenio de Mtto. Se realiza inspección, se revisan temperaturas, se toman presiones, se realizan lineas d econtrol, se chequea voltaje, corriente, se revisa nivel de aceite, Equipo trabajando correctamente, temperatura y corriente adecuadas. Los elementos quedan a disposición del cliente.  Sin fallas operativas detectadas. HORAS operaqtivas: 1861 Horas en carga: 1412 Refrigeración S-460 . Repuestos dejados: 7,4519,00010 Estera filtro armario 283x283  art. 100310,0 serie 1035.  6,4149,0Cartucho filtrante aire diam. 420x95 articulo 100310,0 serie 1035""";;
104,2,1,2013-08-14,,Parte de trabajo No. 71124872. Mantenimiento tipo B. Horas operativas: 2978. Horas en carga: 2339.;;
"105,2,2,2013-09-03,,""Presenta alarma, 02231A.  Averia 300003 falla en motor. Horas: 3287. La falla se presentó a las 3:59 de la mañana y se repitio a las 5:59 de la mañana.""";;
"106,2,4,2013-12-27,,""Parte trabajo 71146471. Los parametros en OK sin ovservaciones. Se realiza la inspección al equipo se realiza limpieza general, se sopla intercambiador de calor, condensador del secador, se revisa el gabinete eléctrico y se ajustan cables a su bornera de conexión, queda pendiente la realización del mantenimiento general ya que el equipo le faltan 519 horas para servicio, programar en lo posible para la semana entrante. HORAS operativas: 5486. Horas en carga: 4565. No se usaron repuestos. Se revisa el tanque de almacenamiento y todos sus elementos estan en buen estado.""";;
"107,2,1,2014-01-13,,""Al compresor que suministra aire a las plantas de Ensamble y Pintura (Metal) se le realiza lubricacion de los rodamientos de los motores"; el mantenimiento de las 6000 hr queda programada para el momento en que se cumplan las horas, hasta la fecha faltan 400 horas;" los repuestos para este mantenimiento quedaron en el cuarto de compresores (organizados) mientras se realiza el mantenimiento."""
"108,2,1,2014-03-13,,""Parte de trabajo No. 71257218. Se realiza mtto. General de las 6000 horas, se revisa sistema de transmisión, se limpian enfriadores de aire y aceite, se revisan las válvulas de control y se realiza limpieza general. Pendiente cambiar cartucho del filtro de aceite y páneles filtrantes del gabinete eléctrico. El equipo muestra aviso del filtro de aceite Delta de P alto. Se retira filtro de aceite 6,3464,1 y páneles filtrantes los cuales no pertenecen al equipo. """;;
"109,2,2,2014-05-02,8 min Ens. 10 min Pin,""Alarmado el compresor con el código 0011, falla en el filtro de aceite, se genera paro de producción Hora: 3:40 PM. Se resetea el equipo y arranca sin problemas. Los do scompresores IR no arrancaron automáticamente porque tenian los breakers de potencia apagados, se apagaron el miercoles 30 de abril al finalizar turno y no se volvieron a encender.""";;
"110,2,2,2014-05-16,,""Informe a cerca de las revisiones y actividades de mantenimiento realizadas al compresor Kaeser:";;
* Se realiza cambio del elemento filtrante de aceite.;;
* Se lubrican rodamientos del motor principal y motor ventilador.;;
* Se revisa el secador y se encuentra falla de purga de condensado, dado lo anterior se revisa el drenador automático y este se encuentra malo. Se debe cambiar lo mas pronto posible el elemento Eco -  Drain 31 Varid a 24 VDC.;;
* Queda pendiente el procedimiento para descarga de datos a la memoria y verificar versión del Software del controlador.;;
Nota IMPORTANTE: El compresor queda fuera de servicio, pues es mucha la cantidad de agua del condensado y ello puede ocasionar problemas en la aplicación de pintura.;;
"En caso de que los compresores Ingersoll Rand no suplan la cantidad de""";;
111,2,5,2014-05-20,,Se le actualiza el software del Sigma control al compresor por personald e Kaeser.;;
"112,2,3,2014-05-21,,""Se le instala el nuevo Eco drain 31 vario al equipo, en garantía y se le instala la tarjeta SD para grabar datos. Queda funcionando correctamente.""";;
"113,2,2,2014-06-06,,""En las horas de la noche del dia 6 de Junio se presento el siguiente anuncio de averia en el compresor KAESER. Se verifica el sistema electrico y se encontro que la proteccion del ventilador refrigerador estaba disparada, se chequean voltajes, cableado desajustado u otra anomalia, pero todo se encontro bien. se enciende de nuevo el equipo y este funciona correctamente Ver Imagen.""";;
"114,2,5,2014-07-19,,""Se configura el equipo con las direcciones IP, cuenta de correo de Fredy Jaramillo y demas según manual para poder realizar monitoreo por red. """;;
"115,2,5,2014-07-22,,""Se configura la red para que se pueda accesar al equipo, la dirección de la red es la 10.52.9.31 se accede por el internet explorer, el ususario es E00048487, La clave : UyECYiU8X (se debe escribir tal cual, con mayúsculas y minúsculas)""";;
"116,2,2,2014-09-30,,""ANALISIS DE VIBRACION";;
MOTOR Y COMPRESOR: A la fecha podemos apreciar descenso de los niveles de vibración en bajas y altas;;
frecuencias, este comportamiento puede generarse debido al cambio de velocidad operativa en el momento de la;;
medición; a la fecha predominan las frecuencias propias operativas del compresor (lóbulos).;
VENTILADOR DE REFRIGERACION: Bajas amplitudes de vibración, los rodamientos a la fecha se observa en;;
buen estado.;;
CORRECTIVOS Y/O RECOMENDACIONES;;
"MOTOR, COMPRESOR Y VENTILADOR DE REFRIGERACION: Ninguna.""";;
"117,2,1,2014-10-09,,""Tiene pendiente los siguientes mantenimientos:";;
* Motor (es) ventilador Lubricación cojinetes.;;
* Motor del compresor Lubricación cojinetes.;;
* Inspección correa de acoplamiento.;;
* Filtro de aire.;;
"Se solicita revision tecnica por parte de la empresa proveedora del equipo Kaeser.""";;
"118,2,1,2014-10-17,,""Parte de trabajo 71285334. Se cambio Kit de mtto de la válvula auxiliar combinada y se realiza limpieza general. El compresor queda fuera de servicio luego del mtto por la apertura de los fusibles seccionadores4FV, se revisa y descarta posible falla del compresor pero no se detecta anomalia alguna. Pendeinte cambiar fusibles FV. Se realiza mmto tipo A re revisa el sistema de transmisión (acoplamiento) se limpian enfriadores aire-aire y aire-aceite, se revisan las válvulas de control.""";;
"119,2,5,2014-10-21,,""Durante el mantenimiento que realliza el técnico de Kaeser se quemaron los tres fusibles de potencia del equipo, referencia  Sitor 3NE1 224-0 160A""";;
"120,2,5,2014-10-21,,""Se realiza ajuste de las líneas de potencia y se reemplazan los fusibles 4FV, el compresor queda operando normalmente. NOTA: verificar por parte del cliente breaker de 175A del compresor en el tablero de distribución eléctrica el cual presenta un borne quemado a la entrada de voltaje (línea roja)""";;
"121,2,2,2014-10-27,,""Se encuentra el compresor con alarma, mensaje No. 0062 Falla en el secador frigorifico, alta presión. Horas marcha: 10575. Horas con carga: 8694. Se reporta a Carlos Arbelaez.""";;
"122,2,2,2014-10-27,,""OT No. 5330. Se realiza la inspección al equipo ya que presenta problemas con el secador de aire por presión de alta, se sopla condensador, se desconectan switches de presión y se reresetea por Sigma control la alarma, se conecta nuevamente y se deja equipo en operación normal.""";;
"123,2,2,2014-10-30,,""9:55 FALLA DEL FLUIDO ELÉCTRICO,Alarma 30003. se alarma el variador de velocidad del equipo, para reataurar fue necesario abrir la puerta delantera del compresor, resetear el variador, cerrar la puerta, luego ir al tablero de distribución electrica y bajar el breaker de  175 A que alimenta el compresor, dejarlo abajo 15 segundos y luego reestablecerlo, luego ir al compresor y esperar a que el Sigma control se inicie, para poner en marcha se debe apretar la flecha para poner en descarga, (destella la luz del indicador) luego se aprieta el boton de marcha y se espera un minuto antes de poner a cargar.""";;
"124,2,2,2014-10-30,,""Ayer después de falla en el fluido eléctrico se realizó el siguiente procedimiento para poner en marcha el compresor Kaeser. Falla 30003 falla del fluido eléctrico.";;
"9:55 FALLA DEL FLUIDO ELÉCTRICO, se alarma el vareador de velocidad del equipo, para restaurar fue necesario abrir la puerta delantera del compresor, resetear el vareador, cerrar la puerta, luego ir al tablero de distribución eléctrica y bajar el breaker de  175 A que alimenta el compresor, dejarlo abajo 15 segundos y luego restablecerlo, luego ir al compresor y esperar a que el Sigma control se inicie, para poner en marcha se debe apretar la flecha para poner en descarga, (destella la luz del indicador) luego se aprieta el botón de marcha y se espera un minuto antes de poner a cargar.""";;
"125,2,2,2014-11-18,,""Se detecta el equipo funcionando con un ruido extraño en el motor, se detiene el equipo y se deja fuera de servicio mientras se contacta a personal de servicio de Kaeser.  Carlos Arbelaez. 313 471 3115""";;
"126,2,1,2015-02-24,,""Parte de trabajo No. 71401101. Se realiza mantenimiento general tipo B, se cambian los rodamientos del motor principal, se revisa el acople del motor y la unidad compresora, se limpian enfriadores aire-aire y aire aceite, ser ealiza mtto. De las válvulas, se ajsutan conexiones eléctricas y se realiza limpieza general. El compresor queda operando normalmente. HORAS: 12387""";;
"127,2,2,2015-05-25,,""El compresor KAESER # 2 presenta la falla 0062A la cual no se deja reiniciar.";;
procede con limpieza recomendada en el manual tanto del SECADOR REFRIGERATIVO Como de los drenajes automaticos.;;
Resultado: La avería no se deja restablecer.;;
;;
"Se deja operando los compresores #3 y #4 Ingersoll Rand normalmente sin inconvenientes, queda pendiente revisar señales de presión para verificar algún posible daño en estas. El equipo queda fuera de servicio temporalmente.""";;
"128,2,2,2015-05-26,1 dia,""se da Reset a la falla de averia que estaba presentando, para ello se utilizo la tarjeta RFID para identificacion por radiofrecuencia con un nivel de acceso 5.";;
Tecnico de Kaeser recomienda realizar limpieza de los 2 condensadores 1 vez por semana con aire a presion (60 PSI) de afuera hacia adentro con el equipo encendido y a una distancia de 50 cm.;;
"horas de operacion 13670""";;
"129,2,1,2015-06-12,,""Parte de trabajo No. 71464964. Técnico: Edison García. Se realiza inspección del compresor, se revisa acoplamiento del motor y la unidad compresora, se limpian enfriadores aire-aceite y aire-aire, se verifica el nivel de aceite y se lubrican los rodamientos del motor principal y motor ventilador. El compresor opera normalmente. HORAS: operación 13967, en carga11224. """;;
"130,2,2,2015-06-16,,""En las horas de la mañana el compresor Kaeser de las Plantas Metal - Ensamble mostró una alarma de averia (Averia: 0062 A) por alta presión en el refrigerador del frigorífico y se apago.";;
;;
En las horas de la tarde se procede a resetear la alarma y el compresor queda trabajando bien.;;
;;
"Se solicita coordinar una visita del técnico de Kaeser con el fin de determinar el porque se esta presentando esta alarma de averia, ya ha ocurrido dos veces.""";;
"131,2,1,2015-10-27,,""Parte de trabajo No. 71510724. Se realiza mtto válvula cheque con problemas para retirar el kit de mtto, se consultará en Kaeser para realizar un buen trabajo. Equipo operativo, se realiza lubricación a válvula de admisión. Se le cambia filtro de aire , cambio de esterillas filtrantes. HORAS: 16121 Horas carga: 12756.""";;
"132,2,5,2015-11-03,,""Factura No. 1 de 4 para el mtto. De 2015. No fact. 53061723 Valor $5´871,288 + IVA. Kaeser""";;
"133,2,2,2015-12-22,,""Averia 30003 bajo voltaje a las 7:01 AM , se resetea el equipo y funciona bien.""";;
"134,2,2,2015-12-22,,""Reportan Averia 30003 bajo voltaje  , se resetea el equipo y funciona bien.""";;
"135,2,1,2016-02-26,,""Parte de trabajo No. 71568191. Se deja equipo trabajando correctamente y en óptimas condiciones. Se realiza chequeo preventivo al equipo, se revisan voltajes, corrientes, temperatura y presión, nivel de aceite OK. Se realiza limpieza general al equipo. Se cambia kit de mtto. de válvula de admisión y válvula combinada (elemento termostático) Faltan 630 horas para mtto. tipo B. HORAS OPERATIVAS: 17740  HORAS EN CARGA:13996""";;
"136,2,1,2016-04-08,,""Parte de trabajo No.71622838. Se cambian esterillas filtrantes, se cambia filtro de aire, se cambia filtro de aceite, se cambia refrigerante, se cambia elemento separador de aceite, se lubrican rodamientos. Se realiza mtto tipo B al equipo, se bajan válvulas, se limpian, se lubrican, se hace limpieza al equipo, se limpia gabinetee eleéctrico, se deja equipo en operación normal. HORAS Operativas: 18241 HORAS EN CARGA: 14392""";;
"137,2,1,2016-07-18,,""Ser ealiza mtto. prventivo al equipo según contrato con Kaeser. Parte de trabajo No.71657070, Se realiza cambio de Ecodrenaje y queda funcionando bien. Horas operativas: 19695 Horas carga: 15471.  """;;
138,2,1,2016-09-23,,Parte de trabajo No. 71696687. mtto general tipo C. Se realiza inspección del equipo y se deja operando OK. HORAS TOTALES: 20196 Horas carga:16456. ;;
139,2,5,2016-10-31,,Reporta Piero que el equipo lo encontró en descarga. Que al presionar la tecla para que pase a modo carga no lo hace. Para que pueda pasar a carga fue necesario apagar el equipo y darle marcha nuevamente. Se reporta a Kaeser y se solicita visita técnica. Carolina Roa.;;
"140,2,2,2016-11-10,,""siendo la 4:38 pm se presenta una falla en el compresor """"Motor compresor FC avería 30002"""". El equipo está pendiente por mantenimiento. Se hizo revisión del equipo y no se encontró nada anormal, se da reset y el equipo funciona normalmente.""";;
"141,2,2,2016-11-17,,""Equipo parado en proceso de producción, el LC muestra la siguiente alarma: FC avería 30011. Ocasiona paro de producción en ensamble y Pintura de Metales.""";;
"142,2,2,2016-11-19,,""el tecnico de Kaeser, Juan Esteban Rua realiza revision del Compresor Kaeser de Plantas Metal-Ensamble y reporta que la falla se esta presentando cuando el equipo tiene caidas de tension. ORDEN DE TRABAJO No. 12516. Se gurda reporte en informacion técnica con el nombre asistencia Tecnica Kaeser No. 12516""";;
"143,2,5,2016-11-29,,""no se puede acceder desde la dirección IP al sistema Sigma Control, el mensaje es de clave errada. Se genera nueva clave siguiendo el procedimiento del fabricante (R:\Gerencia de Produccion\Ingeneiria y Mantenimiento\Mantenimiento Productivo\Hoja de vida equipos\ZONA TECNICA\9 Compresores-secadores\Compresores\Información Tecnica: Procedimiento cambio log in.Usuario: E00048487  Nueva contraseña: 8YQmdSKbvh  """;;
144,2,1,2016-12-02,,Parte de trabajo No. 71737037.  Se encuentra equipo operativo y sin fallar. Se realiza limpieza y se deja equipo operativo. Se recomienda nueva tener presente tema de alimentción de voltaje de equipo ya que por calidad afecta funcionamiento del compresor y sus convertidores electrónicos (Variador);;
145,2,1,2017-01-31,,Se bloquea compresor por falla 0062 secador frigorifico p  Hrs falla 1:51 am se realiza inspeccion como indica el manual y se  trata de desbloquear pero no lo  permite es necesario desbloquearlo a nivel 2 con tarjeta RFID pero no se encuentra en el compresor pendiente desbloquear se habre By pass para utilizar el Compresor de plasticos como respaldo del compresor # 3;;
146,2,1,2017-03-07,,Se realiza mtto preventiv según contrato. Se le cambio el filtro de admisión de aire. Se le lubricarosn rodamientos al motor compresor y al motor ventilador. Horas Operativas: 23327. horas en carga:18080. Equipo queda OK. ;;
147,2,4,2017-03-09,,Se le cambian los tres filtros de aire de los ventiladores.;;
148,2,2,2017-05-11,,Se presenta fallas en el fluido electrico (Proveedor EEPPM) y el compresor Kaiser de Ensamble se apago. La planta de ensamble tuvo un paro de produccion de 3 minutos por baja presion de aire; esto mientras el equipo cargaba de nuevo.;
"149,2,1,2017-06-15,,""Parte de Trabajo 71853057.";;
Cambio de aceite, cambio de filtros, cambio del kit de servicio ECO-Dr.31, mantenimiento general y revision;;
El equipo se encuentra en optimas condiciones.;;
Horas operativas: 24761 ;" horas en carga 18912. """;
"150,2,4,2017-07-09,,""Al apagar el compresor, se observa escape de aire comprimido continuo en zona inferior izquierda del radiador. ";;
"Al observar el otro compresor Kaeser de P.P.Plasticos en las mismas condiciones, esta situación NO se presenta.""";;
"151,2,2,2017-07-28,,""Se revisa en el manual de Servicio, Control, Sigma Control 2, la descripción para esta falla 0040 A  Contactor de Red Des?: El contactor principal no abre. Solución: Revise el contactor principal y sus conexiones. """;;
"152,2,2,2017-08-11,,""Se bloquea el equipo con alarma por """"contra presión"""" la alarma no se resetea se apaga el equipo del totalizador y se resetea la alarma el equipo arrancó normalmente""";;
153,2,2,2017-08-26,,Se presento la alarma 0040 contactor principal des? El equipo no enciende despues de unos minutos el equipo se deja encender normalmente;;
"154,2,2,2017-08-28,,""En los compresores Kaeser (Planta Metal – Planta Plásticos) se está presentando la siguiente falla, creemos que es por baja tensión de alimentación. Para dar reset a la falla se está haciendo lo siguiente:";;
o Se abre el boque de fusibles que se encuentra al interior del compresor, de este modo el equipo queda sin voltaje.;;
o Se presiona manualmente el contactor principal por 5 segundos.;;
"o Se conecta de nuevo el bloque de fusibles y la falla por avería desaparece, el equipo trabaja normalmente.""";;
"155,2,2,2017-08-28,,""Se atiende recomendación según manual de servicio del equipo:";;
Se desarma contactor principal se realiza limpieza general del contactor y limpieza de cada punto de contacto, incluyendo la bobina del contactor, se observa que algunos puntos se encontraban flojos a las salidas y entradas de potencia del contactor.;;
"Tambien se desarma y limpian contactos del portafusible y se revisan fusibles se encontraban flojas las lineas 2y 3, aguas arriba del portafusible. se arma todo se revisa funcionamiento CON CARGA y el equipo funcionó correctamente sin fallas.""";;
"156,2,2,2017-09-12,,""Con Respecto a la falla reportada por Fredy Jaramillo:S#Fredy#CSD105#01 0042 Contrapresion stop #4586028 101310.0 1029#17-09-12#23:22:44#3162966363.";;
"Se observa tambien que esta falla sucede cuando se apaga el compresor en descarga (según el procedimiento) y queda en falla y bloqueado el compresor, lo que impide por unos minutos encenderlo normalmente.""";;
"157,2,2,2017-09-13,,""El técnico de Kaeser, Daniel Cardona realiza revisión del Compresor Kaeser de Plantas Metal-Ensamble y reporta:";;
* El equipo se encuentra disparándose por el Contrapresión Stop, se realiza diagnostico del equipo, equipo no realiza vacío, se revisa válvula auxiliar combinada y se encuentra sellos en mal estado, se revisa válvula cheque.;;
* Se debe cambiar kit mantenimiento válvula cheque o presión mínima, y kit de reparación de válvula auxiliar combinada de despresurización.;;
* Se detecta pequeña fuga de aire por el radiador.;;
El equipo queda en funcionamiento.;;
"Horas de operación: 26.120 - Horas con carga: 19.811""";;
"158,2,2,2017-09-18,,""Buenas tardes Ing. Fredy,";;
;;
"Luego de la visita de emergencia realizada por Kaeser, el personal técnico reportó la necesidad de cambiar de forma urgente el kit de mantenimiento de la válvula cheque, y el kit de reparación de la válvula combinada. Es necesario que se realice el cambio lo antes posible para no generar nuevas emergencias y garantizar la vida útil de la unidad.""";;
"159,2,4,2017-11-15,,""Reportan de ensamble baja presion de aire al iniciar producción, al revisar el compresor KAESER observo que se encuentra en descarga, y el compresor # 3 apagado.";;
"Se enciende compresor # 3 y se pone en carga el KAESER, no se observa ningun problema de funcionamiento de los dos equipos""";;
"160,2,2,2017-12-17,,""El compresor Kaizer está presentando dos fugas de aire en el radiador enfriador de aire, la fuga ha ido aumentando.";;
Se solicita coordinar lo más pronto posible una visita técnica por parte del proveedor Kaizer.;;
Reporte Falla en: R:\Gerencia de Produccion\Ingeneiria y Mantenimiento\Mantenimiento Productivo\Hoja de vida equipos\ZONA TECNICA\9 Compresores-secadores\Compresores\Información Tecnica;;
"Nombre Archivo: Reporte falla 01 Compresor Kaizer_Fuaga Aire_18 Dic 2017""";;
"161,2,2,2017-12-18,,""El compresor Kaizer está presentando dos fugas de aire en el radiador enfriador de aire, la fuga ha ido aumentando.";;
"Es conveniente coordinar lo más pronto posible una visita técnica por parte del proveedor Kaizer.""";;
"162,2,4,2017-12-22,,""Se comenzo mantenimiento rutinario por parte del personal de KAESER, pero se pospuso la continuacion debido a que no fue posible aflojar la tuerca para cambiar el kit de la valvula.ret/pres.min.";;
"Se acordó con el tecnico de KAESER Andres Zapata dejar el kit guardado en el cajon azul de mantenimiento productivo.""";;
"163,2,1,2017-12-22,,""Solictud Instalador No. 71965765. Se hace prueba operativa, equipo funcional, filtros en buen estado, ecodrain, válvulas, lineas neumáticas radiador con fugas causa no detectada. No se puede cambiar el kit de mantenimiento válvula presión mínima, válvula muy pegada, programar de 3-4 horas paro. El equipo presenta alarmas de mtto por: Filtro de aire, Inspección acople, Lubricacion cojinetes motor principal y Lubricacion cojinetes ventilador. """;;
"164,2,3,2017-12-22,,""Factura No. 53087448. Kit mtto valv. Ret/pres min, Kit reparacion valv.aux.comb.desp. Se instalaron en el 22/12/17""";;
"165,2,2,2018-01-12,,""El tecnico de kaeser Andres Zapata continua con el cambio de kit para  la valvula de presion minimas, la valvula aun se encuentra muy pegada, por lo que el proveedor decide retirarla y llevarla a sus instalaciones para repararla. ";;
"El equipo queda fuera de servicio.""";;
"166,2,2,2018-01-16,,""El compresor Kaeser de Plantas Metal-Ensamble ya está en funcionamiento, se reemplazó el kit de empaques de la válvula de mínima ubicado sobre el tanque separador, el equipo quedo funcionando correctamente. Pendiente la orden de trabajo por parte del proveedor Kaeser.";;
"Todavia esta pendiente la reparacion de las fugas de aire en el radiador enfriador de aire.""";;
"167,2,1,2018-02-14,,""Se realiza limpieza, se verifica fugas, se chequea corriente y voltaje, se inspeccionan valvulas acople y aceite.";;
Se cambio rodamientos al motor principal y al motor ventilador, se cambio filtro de aceite y filtro de aire, 5 esteras filtrantes, se cambio aceite AS460, se cambio drenador ECO-DRAIN, se lubrico rodamientos, se cambio separador de aceite.;;
el equipo se encuentra con radiador de aire con fuga.;;
se verifica funcionamiento del equipo, queda trabajando correctamente.;;
"Horas operativas: 28274, Horas con carga: 21282, Temperatura: 79°C""";;
"168,2,2,2018-03-12,,""Se desmonta el radiador enfriador de aire. El compresor KAESER queda fuera de servicio.";;
Se verifica que el by pass del mesanine se encuentre abierto y se deja las plantas con servicio del compresor KAESER de plasticos y el  compresor INGERSOLL # 3 como respaldo. Se realiza esta maniobra para cotizar la reparacione en Radiadores Lux, el precio de reparacion es superior a uno nuevo. Se decide comprar el radiador nuevo. ;;
"Por favor hacer seguimiento durante produccion.""";;
"169,2,4,2018-03-21,,""Se envia la orde de compra No. OC-732 para radiador de aire para compresor Kaeser. Tiempo de entrega ofrecido 8 semanas. Valor $5´171,880 + IVA """;;
"170,2,5,2018-06-07,,""Cordial Saludo  Ing.   FREDY ,";;
 ;;
Debido a un retraso en las importaciones nos informan que el radiador llega a finales de la próxima semana por lo que el servicio deberá programarse para la semana del 18 de Junio;;
;;
Solicito su autorización para el ingreso del personal de Kaeser compresores el lunes 18 de Junio a partir de las 8:30 am a XXXXXX  con el fin de realizar labores de mantenimiento (16 horas de duración aproximadamente) . El personal trabajará 2 días en la planta. ;;
Le pido su colaboración confirmándome si es posible realizar el servicio en esta fecha o indicándome una fecha tentativa para la misma. ;;
"Quedo atento a su respuesta""";;
"171,2,2,2018-06-18,,""El compresor Kaeser queda fuera de servicio por mantenimiento de 32.000 horas, cambio de rodamientos a motores de ventilador refrigeración y motor principal, cambio del filtro separador y filtro de aire, cambio de mecanismo de drenaje.";;
Adicionalmente se hará cambio del radiador el cual se encuentra roto.;;
"Para suplir la demanda de aire comprimido en las plantas de Ensamble y Metal se hace apertura de la válvula que une los anillos de aire de Planta Plásticos y Ensamble. Se dan las indicaciones al área de Planta Plásticos para que no apague el compresor después del turno de trabajo.""";;
"172,2,2,2018-06-21,,""El compresor queda de nuevo en funcionamiento"; se le realizo mantenimiento de las 32000 horas y cambio de radiador enfriador. Se verifica funcionamiento y el equipo queda trabajando correctamente, sin fugas ni ruidos extraños. Rodamientos Motor compresor y ventilador. ;
Se guarda reporte de Mantenimiento en: R:\Gerencia de Produccion\Ingeneiria y Mantenimiento\Mantenimiento Productivo\Hoja de vida equipos\ZONA TECNICA\9 Compresores-secadores\Compresores\Información Tecnica;;
"Nombre archivo: Informe Mtto KAESER Ensamble-Metal-Soldadura Junio-2018 """;;
"173,2,4,2018-07-09,,""Se realiza prueba de carga a la compresor, según reporte de personal de mtto el equipo no mantiene la presion de 115 PSI con todas las plantas funcinando y el compresor de plástico apagado. Se verifica y efectivamente en un momento determinado la demanda aumenta y aunque entra en funcionamietno el compresor IR #3 no es sufciciente para sostener la presión. Igual situacion se presenta con el equipo compresor de planta de pintura de plástico, ejercicio realizado a las 10 am mas o menos. """;;
"174,2,2,2018-08-23,,""Se percibe un ruido anormal en el motor-ventilador refrigerador aire aceite, el equipo queda fuera de servicio.";;
"Se habilita la válvula que une los anillos de aire de Planta Plásticos y Ensamble, ubicada en la zona del Mezzanine.""";;
"175,2,1,2018-08-24,,""OT No. 15702. Se chequea corriente del motor, está en 2,4 A. Taqmbien se verifica vibraciones y temperatura. OK. Se inspecciona equipo evidenciando sonido extraño en motor ventilador, este puede ser ocasionado por posibles fallas en la turbina principal ante posibles desajustes o desgaste o caida de esta misma. Se recomienda intervenir el equipo para visualizar el estado. """;;
"176,2,1,2018-08-25,,""Se detecta que el ruido generado en el motor-ventilador refrigerador aire aceite era causado por daño total en sus rodamientos se reemplazan rodamientos y se revisa funcionamiento, el equipo queda en servicio.";;
El tecnico informa que la causa del daño fue por falta de lubricacion, ya que se observa que una de las graseras del motor no es de facil acceso;" Estos rodamientos por ser abiertos deben ser lubricados periodicamente. Se deben corregir los puntos de lubricacion para que sean de facil acceso e incluir la lubricación periodica en el preventivo.""";
177,2,4,2018-10-22,,Problemas con el contactro principal. Envia el siguiente mensaje: 01 0040 Contactor principal des?. Se repite el mesnaje dos veces en el día. Se desarma el contactor y se le realiza limpieza. Queda funcionanod bien. No se vuelve a recibir el mensaje.;;
"178,2,1,2018-11-03,,""Se realiza mantenimiento al variador de velocidad del compresor (desarme y limpieza interna, verificación de histórico de fallos, verificación de tarjetas electrónicas, condensadores, estado de conexiones). adicionalmente el técnico de Kaeser realiza inspección general del equipo.";;
se ensaya el equipo y queda funcionando correctamente.;;
"Pendiente el envío de informes Kaeser - Simenes.""";;
"179,2,2,2018-11-08,,""Reporta Piero que fue necesario resetear el compresor ya que estaba apagado y mostraba la alarma Motor compresor FC averia 30002.  Hora: 05:08:43 AM,""";;
180,2,2,2018-11-08,,Se solicita a Kaeser visita técnica o instrucción para revisar el equipo y poder dar solucion al origen de la falla.;;
"181,2,2,2018-11-08,,""El compresor se apaga por FC averia 30002 se revisa antes de reiniciar la marcha pero no se observa nada anormal, se reinicia y el equipo funciona correctamente""";;
"182,2,2,2019-07-03,,""El acople omega del compresor se encontró reventado, se solicita gestionar la compra de uno nuevo.";;
"El equipo queda fuera de servicio, se habilita compresor de Planta Plásticos para respaldar la demanda de aire de planta de Ensamble y Metal, el by pass del mezzanine queda abierto.""";;
"183,2,3,2019-07-12,,""Se realiza la instalacion de acolpe flexible (motor-unidad compresora), se verifica funcionamiento y el equipo queda trabajando correctamente.";;
"Se cierra de nuevo la valvula by pass del mezzanine.""";;
"184,2,2,2019-07-26,,""Se aprecia ruido extraño en el motor, se apaga equpo y se deja fuera de sevicio para programar revision mañana por parte del personal de KAESER. Quedan habilitados y funcionando los compresores # 3 y # 4.""";;
"185,2,2,2019-07-27,,""Se revisa motor por reporte de ruido extraño, resultado de la revision:";;
Sonido armonico por variador normal.;;
Sonido mecanico normal dentro de los parametros de la maquina, se recomienda nuevamente poner en servicio el equipo.;;
"
186,2,4,2019-08-26,,Se trata de realizar conexión por dirección IP pero no es posible, la dirección no conecta. Se debe revisar la programación del equipo. """;;
"187,2,1,2020-05-23,,""Se realiza mantenimiento al equipo y se le cambian los siguientes elementos:";;
1 cartucho de filtros DE AIRE 420x95;;
cambio de aceite 2 garrafas 5 gls lubricante sintetico S460;;
Esterilla filtrante 216x216x10 (5 unid);;
1 Fieltro del filtro diam 420;;
1 kit cartucho separador de aceite diam220X380mm;;
lubricacion cojinetes unirex N3;;
1 Cartucho para aerosoles extrafino OR375;;
"
188,2,1,2020-08-15,,Despues de una falla de fluido electrico, se bloquea funcionamiento del compresor por falla 0062 secador frigorifico y por falla 0231 motor compresor FC avería, hora de la falla 19:07 pm.";;
Se procede a realizar inspeccion como indica el manual de usuario y se trata de desbloquear  pero  continual alarmado y bloqueado, es necesario desbloquearlo a nivel # 2 con tarjeta RFID pero no se encontro tarjeta disponible, se procede a desbloquear accediendo al usuario y contraseña, logrando restablecer la falla y encender el compresor.;;
El equipo queda funcionando correctamente.;;
Usuario: E00048487 ;;
"Contraseña: 8YQmdSKbvh  """;;
"189,2,1,2021-02-23,,""El compresor bota aceite por la manguera que conecta la válvula de admisión de aire y la toma de aire, en las horas de la tarde se revisa el equipo y se coloca en funcionamiento, el equipo trabaja sin inconvenientes.";;
"En el turno de la noche se realiza otra inspección con el equipo detenido y todo se observa bien. Se realiza limpieza interna.""";;
"190,2,2,2021-09-21,,""se cambian mangueras de descarga de los drenajes automaticos ya que se encontraban deterioradas, cristalizadas y con fugas , se corrijen 2 fugas  y se conectan a la tuberia que llega al foso # 1.  Tambien se mejora instalacion para que no se salgan las mangueras del tubo.""";;
"191,2,4,2021-11-04,,""Se realiza mantenimiento al variador de velocidad del compresor (desarme y limpieza interna, verificación de tarjetas electrónicas, condensadores, estado de conexiones).";;
"Se ensaya el equipo y queda funcionando correctamente.""";;
"192,2,4,2022-08-02,,""Servicio de diagnostico proveedor Priority Services:";;
Equipo operativo, sucio visualmente, se recomienda mantenimiento;;
Presion de trabajo 115 PSI;;
Temperatura: 87,5 °C;;
Temperatura Motor: 105 °C;;
RPM: 3300;;
"Amp: 80Amp""";;
"193,2,4,2022-08-10,,""Visita del personal  de Kaeser. Convenio de mtto año 2022. Reporte guardado en información técnica. ";;
"R:\Gerencia de Produccion\Ingeneiria y Mantenimiento\Mantenimiento Productivo\Hoja de vida equipos\ZONA TECNICA\9 Compresores-secadores\Compresores\Información Tecnica\Reportes MTTO Kaeser Metal_Ensamble,""";;
"194,2,1,2023-02-06,,""Visita del personal  de Kaeser. Convenio de mtto año 2022. Reporte guardado en información técnica. ";;
R:\Gerencia de Produccion\Ingeneiria y Mantenimiento\Mantenimiento Productivo\Hoja de vida equipos\ZONA TECNICA\9 Compresores-secadores\Compresores\Información Tecnica\Reportes MTTO Kaeser Metal_Ensamble;;
20230206_INDUSTRIA COLOMBIANA DE_73233557_CS11;;
"se realiza revisión de equipo, se hace inspección sistema de transmisión motor-compresor acople omega en buen estado, se verifica nivel de aceite en verde, se revisa filtro de aire el cual esta vencido,  se ajustan terminales eléctricas y se toman mediciones de consumo, se revisan válvula térmica, válvulas auxiliar en buen estado, se revisan tuberías para descartar humedad, equipo presentaba alarma por temperatura en secador, se verifica y se observa con 2 fusibles 6A abiertos, terminales eléctricas deterioradas por lo que se recomienda cambio de estas, unidad de secado queda desactivada para que no presente avería, horometro vencido para mantenimiento de -2045H por filtro de aire.  presión de vacío de 19,se hace limpieza general con aire a baja presión,  equipo queda operativo.""";;
195,2,3,2023-02-22,,Se envia autorizacion para el suministro e instalacion de fusibles y terminales para habilitar la unidad secadora.;;
"196,2,1,2023-02-24,,""Reporte de servicio Tecnico KAESER";;
;;
se realiza cambio de fusible por guarda motor, sistema de refrigeración, se encuentra sensor con la temperatura oscilante, se verifican conexiones eléctricas y se encuentra mal contacto por lo cual no estaba registrando la temperatura real se aplica limpia contactos y se verifica temperaturas se hace seguimiento y equipo trabaja sin novedad alguna.;;
Equipo con horometro de mantenimiento tipo A vencido 2400 h;;
"Inicialmente se tenia proyectado hacer la instalación del bloque de 3 fusibles, pero como mejora se opto por hacer la instalación de un guardamotor, en consulta con el ingeniero Guillermo Gomez, el guardamotor es una mejor opción puesto que permite brindar mejor protección al equipo y no solamente al sistema de cableado, adicionalmente permite un rearme más rápido y el equipo quedaría menos tiempo por fuera de servicio.""";;
"197,2,4,2023-02-28,,""El viernes anterior el técnico contratista cambió los fusibles por un guardamotor en el secador del compresor Kaeser.";;
Hoy se quejaron de problemas en la aplicación de pintura 27/02/2023.;;
Se procede a drenar en los Manu full, al interior de las cabinas, en el filtro de entrada a la planta, junto al drawall, y a la salida de la cabina de barnizado.;;
Observándose algo de humedad, pero el filtro coalescente sobre el bypass, se encontró en buenas condiciones, sin agua y sin aceite. ;;
NOTA: el filtro IR es para neblina de aceite, no atrapa humedad o agua de la red. Fredy Jaramillo.;;
;;
;;
;;
;;
"
198,2,2,2023-03-09,,Personal de Plantas reporta baja presion de aire, se verifica el equipo y se encontro apagado por alarma de Contrapresion RUN, se desconoce su causa. Pendiente consultar con el proveedor Kaeser las causas de esta falla que apaga el compresor.";;
Se revisa la parte interna del compresor (fugas de aceite, fugas de aire, elementos desconectados, magueras sueltas), se resetea la alarma y se enciende de nuevo, el equipo trabaja correctamente.;;
;;
;;
;;
"
199,2,1,2023-04-20,,Reporte de Mantenimiento Preventivo (Contrato de mantenimiento)";;
SE REVISA  FITRO DE ACEITE, SE CAMBIA FILTRO DE AIRE, SE REVISAN CONEXIONES ELECTRICAS DE TODO EL EQUIP, SE LIMPIA INTERCAMBIADOR DE AIRE Y ACEITE Y SE REVISAN FUGAS, SE REVISA GABINETE ELECTRICO Y SE LIMPIA, SE REVISA VALVULA AUX COMBINADA SIN NIGUNA NOVEDAD, SE REVISA DRENAJE DE CONDESACION, SE VERIFICA PUNTO DE ROCIO EN VERDE A 4°TRABAJANDO EN OPTIMAS CONDICIONES, SE CAMBIA CORREAS DE TRANSMISION SE REVISA Y LIMPIA MOTOR VENTILADOR Y ASPAS, SE LIMPIA CARCAZAS Y TAPAS, SE CAMBIAN ESTERILLAS, SE LUBRICAN  RODAMIENTOS MOTOR PRICIPAL  MOTOR VENTILADOR.;;
"Horas de servicio actuales: 58.807 h""";;
"200,2,2,2023-08-12,,""Revisar compresor de tornillo";;
Horas operativas: 59489, Horas en carga: 43217;;
Se realiza mantenimiento y limpieza, Se revisa kit cartucho filtro aire, Se revisa sistema de transmisión de motor-unidad compresora, Se revisa intercambiador, ventilador (aspas, cubierta), Se revisa válvula auxiliar combinada, Se lubrican rodamientos motor;;
Se revisa drenaje condensados de separador centrífugo/tanque/intercambiador, Se revisa nivel de aceite, descartar fugas y presión residual, Se revisa consumo eléctrico;;
Se realiza prueba operativa.;;
"
201,2,4,2023-11-29,,Se Verificar el estado de los Acoplamientos elastoméricos Kaeser se observan en buen estado no se observa elastómero cuarteado, rajaduras, desprendimiento entre elastómero y alma de acero. Se adjunta registro fotografico del estado y tambien datos de proximo cambio y horometro:""";;
"202,2,1,2023-12-02,,""Reporte de Mantenimiento Preventivo (Contrato de mantenimiento)";;
se cambia  filtro de aceite;;
se cambia filtro de aire;;
se revisan conexiones eléctricas de todo el equipo;;
se cambia aceite s-460;;
se limpia intercambiador de aire y aceite y se revisan fugas;;
se revisa gabinete eléctrico y se limpia;;
se revisa válvula aux combinada sin ninguna novedad;;
se revisa y limpia motor ventilador y aspas;;
se limpia carcazas y tapas;;
se revisa sistema de trasmisión por acoples  se encuentra bien y se tensiona;;
se revisa drenaje de condenación;;
se verifica punto de roció en verde a 4°trabajando en optimas condiciones;;
se cambia  2 eco drain.;;
"Horas de servicio actuales: 61.241 h""";;
"203,2,4,2024-01-11,,""En el compresor keser de metal ensdamble se observa residuos de aceite alrededor de la tapa delantera del motor, el acople se observa en buen estado. (se deja registro fotografico)""";;
"204,2,4,2024-01-14,,""Mensaje el 14/01/2024 a las 06:37 a.m. ";;
"W#Fredy#CSD105#01 0025 Separador de aceite h ⇞ #4586028 101310.0 1029#24-01-14#16:37:01#3162966363""";;
205,2,4,2024-01-20,,W#Fredy#CSD105#01 0028 Filtro de aire h ⇞ #4586028 101310.0 1029#24-01-20#10:48:48#3162966363;;
"206,2,1,2024-02-10,,""Reporte de Mantenimiento Preventivo (Contrato de mantenimiento)";;
Se realiza limpieza general al equipo, se limpia radiador de aire y aceite con aire comprimido a baja presión; se realiza inspección según lista de chequeo, filtro de aire y esterillas (Cant. 5) en buen estado - Se limpian, filtro de aceite en buenas condiciones y sin fugas, nivel de aceite adecuado según mirilla del tanque separador (Indicador en franja verde), se limpia filtro de malla de la tobera colectora de residuos de la línea de barrido, se descartan fugas de aire o aceite, se calibra presión de vacío (20,5 psi), se verifica saturación del cartucho separador (2 psi, OK), se verifica el buen estado del acople de transmisión sin novedad, se desarman las válvulas auxiliar combinada y térmica para limpiar sus componentes internamente y verificar su buen estado sin novedad, se verifica el correcto funcionamiento del paro de emergencia y display del controlador, se descarta paso de condensado a la red, eco-drain trabajando correctamente, temperatura del punto de rocío dentro de los rangos normales de operación (3°C), se limpian componentes del gabinete eléctrico y se verifica que no hayan cables sueltos o desajustados, amperaje y voltaje del equipo dentro de los parámetros establecidos por placa, se realiza prueba operativa carga-vacío y equipo opera correctamente.;
Se actualiza software del controlador de la versión Fluid_1.4.2 a la versión más reciente Fluid_6.4.1.;;
Por orden del ingeniero Alexander S. se verifica historial de mantenimiento del equipo y se resetean horómetros de rutina tipo B realizada en el mes de Diciembre.;;
Equipo con leve fuga de aire en radiador.;;
Equipo con horómetro de inspección de válvulas vencido (-186 horas), según historial de mantenimiento cuando el equipo tenía 45.998 horas (O.S. 72765692) se le cambio el kit de revisión de las válvulas, por lo que se requiere los kit de mantenimiento para ejecutar la actividad y resetear este horómetro.;;
Se recomienda realizar visita técnica con personal de redes y aplicaciones para verificar el consumo de aire comprimido de la planta y el trabajo de los compresores, ya que aunque tienen variador de velocidad según horómetros de operación los equipos ciclan más de lo recomendado y esto a futuro puede generar fallas en los equipos.;;
"Horas de servicio actuales: 62183""";;
"207,2,2,2024-06-01,,"" Bajón de energia, se apago compresor Kaeser , se enciende nuevamente al igual que el compresor # 3 (7 minutos de paro).""";;
"208,2,2,2024-05-04,,""El compañero Julián de la empresa Kaeser realiza revisión del equipo no encontrando algún daño relevante en si, al parecer la causa es por fallos en la red al ser un equipo con variador puede ser muy sensible a esto.";;
;;
se procede a realizar revisión general del equipo se realiza ajuste y limpieza del contactor, el  técnico me informa que no es necesario realizar algún cambio de piezas, el contactor se observa en buen estado, debemos continuar  haciendo seguimiento al equipo.;;
;;
"El equipo queda nuevamente en servicio y con carga, se cierra la llave del bypass del mesanine.""";;
"209,2,1,2024-05-17,,""Reporte de Mantenimiento Preventivo (Contrato de mantenimiento)";;
;;
Se realiza limpieza general al equipo, se limpia radiador de aire, radiador de aceite y condensador con aire comprimido a baja presión; se realiza inspección según lista de chequeo, se cambia filtro de aire y esterillas (Cant. 5) en buen estado, filtro de aceite en buenas condiciones y sin fugas, nivel de aceite S-460 adecuado según mirilla del tanque separador (Indicador en franja verde), se limpia filtro de malla de la tobera colectora de residuos de la línea de barrido, se descartan fugas de aire o aceite, se calibra presión de vacío (19,8 psi), se verifica saturación del cartucho separador (2 psi, OK), se verifica el buen estado del acople de transmisión sin novedad, se desarman las válvulas auxiliar combinada y térmica para limpiar sus componentes internamente y verificar su buen estado sin novedad, se verifica el correcto funcionamiento del paro de emergencia y display del controlador, se descarta paso de condensado a la red, eco-drain trabajando correctamente, temperatura del punto de rocío dentro de los rangos normales de operación (2°C), se limpian componentes del gabinete eléctrico y se verifica que no hayan cables sueltos o desajustados, amperaje y voltaje del equipo dentro de los parámetros establecidos por placa, se resetean horómetros de mantenimineto, se realiza prueba operativa carga-vacío y equipo opera correctamente.;
Se re lubrican rodamientos del motor principal y motor ventilador según placa, Ok.;;
Equipo con leve fuga de aire en radiador.;;
Equipo con horómetro de inspección de válvulas vencido (-1.844 horas), según historial de mantenimiento cuando el equipo tenía 45.998 horas (O.S. 72765692) se le cambio el kit de revisión de las válvulas, por lo que se requiere los kit de mantenimiento para ejecutar la actividad y resetear este horómetro.;;
Al equipo le faltan 2.1287 horas para cambio de rodamientos al motor principal y motor ventilador.;;
"Horas de servicio actuales: 63842 h""";;
"210,2,2,2024-08-21,,""a las 5pm El compresor se apaga mostrando en pantalla  """"¿Protector de red des? Averia 0030"""" se revisan componentes  antes de reiniciar la marcha pero no se observa nada anormal, el equipo no se deja reiniciar, se procede a abrir fusibles principales y despues de unos minutos se deja restablecer se le realiza seguimiento en el transcurso del turno y el equipo funciona correctamente. Esta falla tambien se presento en la madrugada y reportada por Luis Carlos en la entrega de turno, se soluciono de igual manera. Se debe coordinar visita tecnica con el proveedor de KAESER para revision";;
"Se tenia programada tambien la revision del acople del motor y se observa normalidad. se deja registro fotografico:""";;
"211,2,2,2024-08-22,,""SOLICIUTD SOPORTE TECNICO PARA COMPRESOR KAESER";;
Buenos días Sres. Kaeser,;;
Desde el miércoles 21 de agosto 2024 venimos presentando las siguientes novedades con el equipo compresor 4586028 Planta METAL.;;
En la madrugada del 21 de agosto 20024 se llamó a la línea de emergencia (asistencia 24 horas – (57) 3204394268)) pero no se obtuvo respuesta, luego a las 7:05am se remite informe al Sr. Alexander Sanchez y se deriva los reportes de novedad a la línea de emergencia KAESER (3009122103) donde me informan que se va a coordinar con un técnico para cubrir la asistencia técnica, a la fecha no he tenido información sobre la fecha y hora para la verificación del equipo.;;
"Les solicito dar prioridad a la revisión del equipo, pues como se observa en las siguientes imágenes el equipo continúa presentando fallas de funcionamiento.""";;
"212,2,2,2024-08-22,,""Técnico KAESER realiza revision y monitoreo del equipo, verificacion de conexiones del sistema de potencia y control, se hace desarme del contactor principal para hacer limpieza de las pastillas de potencia, las superficies de contacto se encontraron con pérdida de uniformidad, co lija 1200 se asientan las superficies de contacto.";;
El equipo continua en observacion con el fin de corroborar si la causa raiz de las novedades sean por lo observado en el contactor principal. ;;
Se adjuntan reportes (graficas) de condiciones del fluido electrico al momento de las fallas del compresor.;;
Se solicita cotizacion del contactor.;;
;;
;;
;;
;;
;;
"
213,2,4,2024-08-25,,
214,2,2,2024-08-25,,Se sigue presentando la falla de protección de red desenergizado.
215,2,4,2024-08-29,,Se realiza cambio del contactor principal y se realiza revision y limpieza de los contactos porta fusibles.";;
"El equipo queda trabajando correctamente. El contactor retirado queda disponilbe en el taller.""";;
"216,2,1,2024-09-07,,""Se realiza limpieza general al equipo, se limpia radiador de aire, radiador de aceite y condensador con aire comprimido a baja presión.";;
Se realiza inspección según lista de chequeo, filtro de aire y esterillas (Cant. 5) en buen estado - Se limpian, filtro de aceite en buenas condiciones y sin fugas, nivel de aceite S-460 adecuado según mirilla del tanque separador (Indicador en franja verde, ok), se desmonta línea de barrido para descartar obstrucciones y limpiar filtro de malla del colector sin novedad, se descartan fugas de aire o aceite, se calibra presión de vacío (19,8 psi), se verifica saturación del cartucho separador (2 psi, OK), se verifica el buen estado del acople de transmisión (Comienza a mostrar leves grietas, se debe hacer seguimiento), se desarman las válvulas auxiliar combinada y térmica para limpiar sus componentes internamente y verificar su buen estado sin novedad, se verifica el correcto funcionamiento del paro de emergencia y display del controlador, se descarta paso de condensado a la red, eco-drain trabajando correctamente, temperatura del punto de rocío dentro de los rangos normales de operación (3°C), se limpian componentes del gabinete eléctrico y se verifica que no hayan cables sueltos o desajustados, amperaje y voltaje del equipo dentro de los parámetros establecidos por placa, se resetean horómetros de mantenimineto, se realiza prueba operativa carga-vacío y equipo opera correctamente. Equipo con horómetros de mantenimiento próximos a vencerse. Equipo con leve fuga de aire en radiador (Novedad reportada anteriormente). Horómetros de mantenimiento. Filtro de aceite 6.000 h / 1.613 h. Separador de aceite 6.000 h / 1.613 h. Cambio de aceite 6.000 h / 1.613 h. Filtro de aire 3.000 h / 1.241 h. Inspección válvulas 16.000 h / 1.235 h. Inspección acoplamiento 3.000 h / 3.000 h. Motor Compresor - Lubricación 2.000 h / 428 h. Motor Compresor - Cambio de rodamientos 36.000 h / 428 h. Motor ventilador - Lubricación 6.000 h / 4.241 h. Motor Ventilador - Cambio de rodamientos 36.000 h / 428 h. Equipamientos eléctrico 9.000 h / 8.622 h.;;
"Informe guardado en: R:\Gerencia de Produccion\Ingeneiria y Mantenimiento\Mantenimiento Productivo\Hoja de vida equipos\ZONA TECNICA\9 Compresores-secadores\Compresores\Información Tecnica\Reportes MTTO KAESER Metal_Ensamble""";;
"217,2,1,2024-10-09,,""Se reciben mensajes de alarma del compresor:";;
W#Fredy#CSD105#01 0031 Rodamientos motor h ⇞ #4586028 101310.0 1029#24-10-08#17:09:12#3162966363.;;
W#Fredy#CSD105#01 0048 Lubricación rodamientos motor h ⇞ #4586028 101310.0 1029#24-10-08#17:09:12#3162966363.;;
W#Fredy#CSD105#01 0033 Rodamientos motor ventilador h ⇞ #4586028 101310.0 1029#24-10-08#17:09:12#3162966363.;;
;;
"Se envian mensajes de alarma al coordinador de mantenimiento de la empresa KAESER (alexander.sanchez@kaeser.com), se solicia fecha estimada de intervencion del equipo.""";;
"218,2,3,2024-09-25,,""Por parte del proveedor VFA Ingenieria Integrada S.A.S Se desmontan  variador Compresor KAESER, se desarma y se les realiza mantenimiento tecnico general, se instala nuevamente en sitio y se observa que quedan funcionando correctamente, proveedor VFA Ingenieria Integrada S.A.S.";;
Informes guardados en: R:\Gerencia de Produccion\Ingeneiria y Mantenimiento\Mantenimiento Productivo\Hoja de vida equipos\ZONA TECNICA\9 Compresores-secadores\Compresores\Información Tecnica;;
"Nombres Archivos: MTTO_variador_compresor_2""";;
"219,2,2,2024-10-21,,""Se cambian los 3 fusibles principales del compresor, se restablecen las fallas y se procede a ensayar, se presenta una exploción en el variador del equipo, posiblemente por cortocircuito interno del variador. El equipo queda para revición de personal tecnico de Kaezer.""";;
220,2,2,2024-10-21,,Las alarmas presentadas fueron: 0040 protector de red des energizado y en el variador aparecía la falla Faults Q F7860;;
"221,2,2,2024-10-22,,""Durante las revisiones del variador se encontro que el modulo de rectificacion sufrio daños, se procede a gestionar el envio del variador a proveedor externo para su reparacion y verificacion de los demas componentes, por lo pronto las plantas de produccion estaran soportadas por el compresor Kaeser de Planta Plasticos 75HP y 1 compresor Ingersoll Rand 40HP.";;
;;
;;
;;
"
222,2,4,2024-11-06,,Buenos dias Esteban";;
;;
Anoche Se realizo revisión de aislamiento de las 3 fases del motor KAESER del compresor metal/ensamble observando los siguientes valores:;;
;;
L1= 157MΩ;;
L2= 151MΩ;;
L3= 429MΩ;;
;;
Se observa una gran diferencia entre los valores de aislamiento, al destapar el motor para revisar por cada bobina encontramos que no hay bornera porque los cables van hasta dentro del motor.;;
"El equipo Squeda  con candado y las llaves quedan sobre el escritorio""";;
"223,2,3,2024-11-08,,""Se realiza instalacion de variador Siemens Sinamics reparado por el proveedor VFA Ingenieria, tecnico de Kaerser realizo acompañamiento, Se revisan conexiones de motor, se carga nuevamente el programa del vareador debido a que estaba arrojando una curva de velocidad demasiado alta. se realizan mediciones con el megger en bobinas del motor para revisar aislamiento del mismos y se encuentra dentro de los parámetros establecidos, se arranca equipo y trabaja sin novedad alguna.";;
Horas de servicio actuales: 66.169 h;;
;;
Informe Kaeser guardado en: R:\Gerencia de Produccion\Ingeneiria y Mantenimiento\Mantenimiento Productivo\Hoja de vida equipos\ZONA TECNICA\9 Compresores-secadores\Compresores\Información Tecnica\Reportes MTTO Kaeser Metal_Ensamble;;
"Nombre archivo: 16 20241108_73760468_CS10 Arranque variador Siemens""";;
"224,2,2,2024-11-15,,""Secador Fregorifico alarmado T alta: se ingresa con usuario y clave y se da reset a la alarma del secador. El equipo queda operando correctamente.";;
"Se limpia con aire a presion el condensador del secador, no se observa acumulacion de polvo.""";;
"225,2,3,2024-12-10,,""Se reemplazar el acople omega. Se limpiar muy bien las roscas de las manzanas y al momento de instalar los tornillos se  aplica una cantidad mínima de traba roscas Loctite 271. Se Instala la guarda del acople y se verificar operación del equipo (vibraciones, ruidos extraños, fijación del acople). El quipo queda funcionando correctamente.""";;
"226,2,2,2024-12-12,,""CAMBIO DE INTERCAMBIADOR DE AIRE";;
se realiza cambio de intercambiador aire - aire actividad se realzia sin novedades se deja equipo operativo se realiza limpieza, se realiza pruebas operativas por mas de una hora no se evidencia fugas equipo ok se deja equipo operativo sin novedades.;;
Horas de servicio actuales: 66.582 h;;
"Reporte guardado en: R:\Gerencia de Produccion\Ingeneiria y Mantenimiento\Mantenimiento Productivo\Hoja de vida equipos\ZONA TECNICA\9 Compresores-secadores\Compresores\Información Tecnica\Reportes MTTO KAESER Metal_Ensamble""";;
"227,2,1,2025-02-25,,""Se realiza rutina de inspeccion a equipo SFC 55 T 125psi, equipo operativo se realiza inspecciona  filtro de aire en buen estado. se inspecciona acople omega en buen estado. se inspeccciona valvula de control y venteo en buen estado y operativa. se revisa nivel de aceite en nivel indicado. se realiza lubricacion de rodamientos a ambos motores. se realiza inspeccion y limpieza a unidad frigorifica no se evidencian daños unidad operativa sin novedades. se realiza limpieza y ajuste a gabinete elctrico se deja operativo sin novedades. se realiza pruebas operativas equipo en buen estado y operativo. se realiza limpieza a equipo en general dejandolo operativo. ";;
Horas de Servicio: 67.549 h;;
"Informe guardado en: R:\Gerencia de Produccion\Ingeneiria y Mantenimiento\Mantenimiento Productivo\Hoja de vida equipos\ZONA TECNICA\9 Compresores-secadores\Compresores\Información Tecnica\Reportes MTTO KAESER Metal_Ensamble""";;
"228,2,4,2025-04-23,,""Por orden de Fredy Jaramillo hoy se retiraron la mayor cantidad de excedentes y basura acumulada en el cuarto de compresores metal/ensamble. se debe continuar con la selección de los accesorio de las cajas ";;
Se solicita programar la actividad al menos 2 veces  (1 persona; 200 min; en el G1)
Se observan goteras que están cayendo sobre los 3 compresores METAL/ENSAMBLE y alrededor del cuarto, las goteras provienen de la losa y de las tuberías de desagües por favor coordinar revisión y reparación.;;
;;
" por favor no guardar excedentes en este sitio y al terminar cualquier actividad les solicito no dejar en el cuarto las cajas, filtros viejos del compresor, estibas o cualquier elemento sobrante de las actividades programadas.""";;
"229,2,3,2025-06-10,,""Se instala DPS al interior del gabinete electrico del compresor, el equipo queda funcionando correctamente""";;
"230,2,2,2025-07-03,,""Se revisa la conexión de lared y se identifica en el cable fallas en el hilo 6. Se debe cambiar el conector en el rack de sistemas ubicado en el taller de mtto. Productivo. Se configura los datos de conexión en el compresor. ";;
Dirección IP: 010.052.009.031;;
Máscara sub red: 255.255.240.000;;
Gateway: 010.052.002.002;;
Servidor DNS 1: 010.001.001.001.102;;
Servidor DNS 2: 010.001.229.001;;
"Se verifica la conexión en el PC de escritorio en la dirección 10.52.9.31 con el usuario E00048487 y la clave 8YQmdSKbvh y funciona. """;;
"231,2,2,2025-07-17,,""S#Fredy#CSD105#01 0851 IOSlot1 - avería #4586028 101310.0 1029#25-07-16#17:54:16#3162966363";;
"B#Fredy#CSD105#01 0500 Safety shutdown """"IOMDiagnosis()"""" #4586028 101310.0 1029#25-07-16#17:54:17#3162966363""";;
232,2,3,2025-10-07,,Se instalan medidores de volumen de aire conectados a la plataforma Ubidots.;;
"233,2,1,2025-11-27,,""Se realiza rutina de inspeccion a equipo SFC 55 T 125psi, Equipo en operación para mtto tipo D, se realiza el cambio de kits de revisión de válvulas, admiisón , retención , venteo termica ybypass, se cambian los conductos de control, se cambio acople de transmisión, se cambio esterillas, se cambio filtro de aire, se cambio cartucho separador de aceite, se cambiuo 10 galones de aceite s-460, se instala modulo modbus tcp/ip en sc2 espera tener la red para su configuración, equipo en operación sin novedad .";;
Horas de Servicio: 71952 h;;
"Informe guardado en: R:\Gerencia de Produccion\Ingeneiria y Mantenimiento\Mantenimiento Productivo\Hoja de vida equipos\ZONA TECNICA\9 Compresores-secadores\Compresores\Información Tecnica\Reportes MTTO KAESER Metal_Ensamble""";;
"234,2,3,2025-12-01,,""Tecnico especialista del proveedor Kaeser realizo la instalación de los módulos de comunicación en los compresores KAESER, hoy en las horas de la mañana el proveedor Tech Controller verifico o corroboro la extracción de los registros sin inconvenientes.";;
Pendiente el envío por parte del proveedor Tech controller la cotización programar y llevar los registros a la plataforma UBIDOTS los registros que hacen falta (tiempo total de operación y tiempo en carga) ;;
Por parte de XXXXXXtos XXXXXX se debe hacer:;;
"•	La instalación de tubería EMT3/4” desde cada compresor hasta el tablero Gateway que hay en cada cuarto. ";;
"•	Canalizar por la tubería instalada cable RJ45 con sus conectores.";;
;;
En la hoja de vida del equipo se guarda el archivo “Process Map Sigma Control 2” donde se referencia la lista de registros del módulo Modbus TCP COMPRESORES KAESER que se pueden extraer.;;
;;
;;
;;
"
235,2,2,2026-02-02,,Se atendió llamado por baja presion de aire en las plantas, se encontro manguera 6 mm  de la válvula superior de carga y venteo, suelta y con fuga, En el compresor Kaezer de ensamble, se procede a armar su racor recortando la punta de la manguera reventada y ensamblandola de nuevo, quedó operativo el compresor. Alarma inicial (Protección válvul de seguridad). Esta válvula es la encargada de enviar la señal de aire para abrir la válvula de admisión. Cuando se energiza el compresor entra en carga y empieza a producir aire comprimido. Sintoma: el motor del compresor gira pero no suve la presion, la solenoide de carga no abre la admisión.""";;
